Level	Rule Name	Subject	Property	Value
ERROR	missing_label	NCBITaxon:10042	rdfs:label	
ERROR	missing_label	NCBITaxon:10152	rdfs:label	
ERROR	missing_label	NCBITaxon:30521	rdfs:label	
ERROR	missing_label	NCBITaxon:37174	rdfs:label	
ERROR	missing_label	NCBITaxon:8835	rdfs:label	
ERROR	missing_label	NCBITaxon:8839	rdfs:label	
ERROR	missing_label	NCBITaxon:8843	rdfs:label	
ERROR	missing_label	NCBITaxon:8848	rdfs:label	
ERROR	missing_label	NCBITaxon:8932	rdfs:label	
ERROR	missing_label	NCBITaxon:89462	rdfs:label	
ERROR	missing_label	NCBITaxon:9031	rdfs:label	
ERROR	missing_label	NCBITaxon:9091	rdfs:label	
ERROR	missing_label	NCBITaxon:9103	rdfs:label	
ERROR	missing_label	NCBITaxon:9615	rdfs:label	
ERROR	missing_label	NCBITaxon:9685	rdfs:label	
ERROR	missing_label	NCBITaxon:9793	rdfs:label	
ERROR	missing_label	NCBITaxon:9796	rdfs:label	
ERROR	missing_label	NCBITaxon:9823	rdfs:label	
ERROR	missing_label	NCBITaxon:9913	rdfs:label	
ERROR	missing_label	NCBITaxon:9915	rdfs:label	
ERROR	missing_label	NCBITaxon:9925	rdfs:label	
ERROR	missing_label	NCBITaxon:9939	rdfs:label	
ERROR	missing_label	NCBITaxon:9940	rdfs:label	
ERROR	missing_label	NCBITaxon:9986	rdfs:label	
ERROR	duplicate_label	Siamese	rdfs:label	Siamese
ERROR	duplicate_label	Siamese	rdfs:label	Siamese
ERROR	duplicate_label	Siamese	rdfs:label	Siamese
ERROR	duplicate_label	Rambouillet	rdfs:label	Rambouillet
ERROR	duplicate_label	Rambouillet	rdfs:label	Rambouillet
ERROR	duplicate_label	New Hampshire	rdfs:label	New Hampshire
ERROR	duplicate_label	New Hampshire	rdfs:label	New Hampshire
ERROR	duplicate_label	Mixed breed	rdfs:label	Mixed breed
ERROR	duplicate_label	Mixed breed	rdfs:label	Mixed breed
ERROR	duplicate_label	Italian Holstein	rdfs:label	Italian Holstein
ERROR	duplicate_label	Italian Holstein	rdfs:label	Italian Holstein
ERROR	duplicate_label	Gordon Setter	rdfs:label	Gordon Setter
ERROR	duplicate_label	Gordon Setter	rdfs:label	Gordon Setter
ERROR	duplicate_label	Friesian	rdfs:label	Friesian
ERROR	duplicate_label	Friesian	rdfs:label	Friesian
ERROR	duplicate_label	Corgi	rdfs:label	Corgi
ERROR	duplicate_label	Corgi	rdfs:label	Corgi
ERROR	duplicate_label	Chesapeake Bay Retriever	rdfs:label	Chesapeake Bay Retriever
ERROR	duplicate_label	Chesapeake Bay Retriever	rdfs:label	Chesapeake Bay Retriever
ERROR	label_whitespace	Swedish Briard 	rdfs:label	Swedish Briard 
ERROR	label_whitespace	Swedish Red and White 	rdfs:label	Swedish Red and White 
ERROR	label_whitespace	 Rambouillet	rdfs:label	 Rambouillet
ERROR	label_whitespace	Collie 	rdfs:label	Collie 
ERROR	label_whitespace	Lapponian Herder 	rdfs:label	Lapponian Herder 
WARN	annotation_whitespace	Swedish Briard 	rdfs:label	Swedish Briard 
WARN	annotation_whitespace	Swedish Red and White 	rdfs:label	Swedish Red and White 
WARN	annotation_whitespace	 Rambouillet	rdfs:label	 Rambouillet
WARN	annotation_whitespace	Collie 	rdfs:label	Collie 
WARN	annotation_whitespace	Lapponian Herder 	rdfs:label	Lapponian Herder 
WARN	annotation_whitespace	capable of	IAO:0000115	A relation between a material entity (such as a cell) and a process, in which the material entity has the ability to carry out the process. 
WARN	missing_definition	anatomical entity	IAO:0000115	
WARN	missing_definition	organism or virus or viroid	IAO:0000115	
WARN	missing_definition	biological entity	IAO:0000115	
WARN	missing_definition	molecular_function	IAO:0000115	
WARN	missing_definition	catalytic activity	IAO:0000115	
WARN	missing_definition	biological_process	IAO:0000115	
WARN	missing_definition	kinase activity	IAO:0000115	
WARN	missing_definition	transferase activity	IAO:0000115	
WARN	missing_definition	transferase activity, transferring phosphorus-containing groups	IAO:0000115	
WARN	missing_definition	NCBITaxon:10042	IAO:0000115	
WARN	missing_definition	NCBITaxon:10152	IAO:0000115	
WARN	missing_definition	NCBITaxon:30521	IAO:0000115	
WARN	missing_definition	NCBITaxon:37174	IAO:0000115	
WARN	missing_definition	NCBITaxon:8835	IAO:0000115	
WARN	missing_definition	NCBITaxon:8839	IAO:0000115	
WARN	missing_definition	NCBITaxon:8843	IAO:0000115	
WARN	missing_definition	NCBITaxon:8848	IAO:0000115	
WARN	missing_definition	NCBITaxon:8932	IAO:0000115	
WARN	missing_definition	NCBITaxon:89462	IAO:0000115	
WARN	missing_definition	NCBITaxon:9031	IAO:0000115	
WARN	missing_definition	NCBITaxon:9091	IAO:0000115	
WARN	missing_definition	NCBITaxon:9103	IAO:0000115	
WARN	missing_definition	NCBITaxon:9615	IAO:0000115	
WARN	missing_definition	NCBITaxon:9685	IAO:0000115	
WARN	missing_definition	NCBITaxon:9793	IAO:0000115	
WARN	missing_definition	NCBITaxon:9796	IAO:0000115	
WARN	missing_definition	NCBITaxon:9823	IAO:0000115	
WARN	missing_definition	NCBITaxon:9913	IAO:0000115	
WARN	missing_definition	NCBITaxon:9915	IAO:0000115	
WARN	missing_definition	NCBITaxon:9925	IAO:0000115	
WARN	missing_definition	NCBITaxon:9939	IAO:0000115	
WARN	missing_definition	NCBITaxon:9940	IAO:0000115	
WARN	missing_definition	NCBITaxon:9986	IAO:0000115	
WARN	missing_definition	root node	IAO:0000115	
WARN	missing_definition	Nubian	IAO:0000115	
WARN	missing_definition	Wire-haired dachshund	IAO:0000115	
WARN	missing_definition	Red Spotted Czech	IAO:0000115	
WARN	missing_definition	Highland	IAO:0000115	
WARN	missing_definition	Eskimo Spitz	IAO:0000115	
WARN	missing_definition	Chinese Xingyi	IAO:0000115	
WARN	missing_definition	Japanese game fowl	IAO:0000115	
WARN	missing_definition	Trakehner	IAO:0000115	
WARN	missing_definition	Morgan	IAO:0000115	
WARN	missing_definition	American Miniature Horse	IAO:0000115	
WARN	missing_definition	Old-Tori	IAO:0000115	
WARN	missing_definition	Bama miniature	IAO:0000115	
WARN	missing_definition	Mongolian Turano	IAO:0000115	
WARN	missing_definition	Kerry	IAO:0000115	
WARN	missing_definition	Camarillo White Horse	IAO:0000115	
WARN	missing_definition	Japanese Draft	IAO:0000115	
WARN	missing_definition	Welsh Pony	IAO:0000115	
WARN	missing_definition	Noriker	IAO:0000115	
WARN	missing_definition	Gipsy	IAO:0000115	
WARN	missing_definition	South German Draft	IAO:0000115	
WARN	missing_definition	Swiss Warmblood	IAO:0000115	
WARN	missing_definition	Phal̬ne	IAO:0000115	
WARN	missing_definition	Thai Ridgeback	IAO:0000115	
WARN	missing_definition	Netherland Dwarf	IAO:0000115	
WARN	missing_definition	Karakul	IAO:0000115	
WARN	missing_definition	Loh	IAO:0000115	
WARN	missing_definition	Lionhead Dwarf	IAO:0000115	
WARN	missing_definition	Danish Holstein	IAO:0000115	
WARN	missing_definition	Miniature Horse	IAO:0000115	
WARN	missing_definition	Italian Greyhound	IAO:0000115	
WARN	missing_definition	Large Munster-lander	IAO:0000115	
WARN	missing_definition	Glen of Imaal Terrier	IAO:0000115	
WARN	missing_definition	Saarloo	IAO:0000115	
WARN	missing_definition	Czechoslovakian wolfdog	IAO:0000115	
WARN	missing_definition	Swedish Briard 	IAO:0000115	
WARN	missing_definition	Belmont Red	IAO:0000115	
WARN	missing_definition	Plott Hound	IAO:0000115	
WARN	missing_definition	New Zealand Huntaway dog	IAO:0000115	
WARN	missing_definition	German Holstein	IAO:0000115	
WARN	missing_definition	Swiss Holstein	IAO:0000115	
WARN	missing_definition	Friesian-Jersey mosaic	IAO:0000115	
WARN	missing_definition	American Brown Swiss	IAO:0000115	
WARN	missing_definition	Beef Booster Composite	IAO:0000115	
WARN	missing_definition	Booroola	IAO:0000115	
WARN	missing_definition	Brazilian Santa In̻s	IAO:0000115	
WARN	missing_definition	Bernese Mountain dog	IAO:0000115	
WARN	missing_definition	Norwegian breeds	IAO:0000115	
WARN	missing_definition	Bashkir Curly Horse	IAO:0000115	
WARN	missing_definition	Fell Pony	IAO:0000115	
WARN	missing_definition	Dales Pony	IAO:0000115	
WARN	missing_definition	Pinto Horse	IAO:0000115	
WARN	missing_definition	Knabstrupper	IAO:0000115	
WARN	missing_definition	Pony of the Americas	IAO:0000115	
WARN	missing_definition	British Spotted Pony	IAO:0000115	
WARN	missing_definition	Australian Spotted Pony	IAO:0000115	
WARN	missing_definition	Peruvian Paso	IAO:0000115	
WARN	missing_definition	Ayrshire	IAO:0000115	
WARN	missing_definition	Wisconsin hypoalpha mutant (WHAM)	IAO:0000115	
WARN	missing_definition	Connecticut (CT) strain	IAO:0000115	
WARN	missing_definition	S2 line	IAO:0000115	
WARN	missing_definition	Fayoumi eplipeptic strain	IAO:0000115	
WARN	missing_definition	Huiyang Bearded	IAO:0000115	
WARN	missing_definition	NH-413 strain	IAO:0000115	
WARN	missing_definition	OPN strain	IAO:0000115	
WARN	missing_definition	Polymorphic Nucleolar (PNU) strain	IAO:0000115	
WARN	missing_definition	ISA Brown	IAO:0000115	
WARN	missing_definition	Lohmann Brown	IAO:0000115	
WARN	missing_definition	Brown Swiss	IAO:0000115	
WARN	missing_definition	Marans	IAO:0000115	
WARN	missing_definition	TETRA	IAO:0000115	
WARN	missing_definition	Transylvanian naked neck	IAO:0000115	
WARN	missing_definition	Beijing You	IAO:0000115	
WARN	missing_definition	German Hunting Terrier	IAO:0000115	
WARN	missing_definition	Limonero	IAO:0000115	
WARN	missing_definition	Appenzeller Barthuhn	IAO:0000115	
WARN	missing_definition	Miniature Bull Terrier	IAO:0000115	
WARN	missing_definition	Commercial lines	IAO:0000115	
WARN	missing_definition	Polski Owczarek Nizinny	IAO:0000115	
WARN	missing_definition	Dairy Shorthorn	IAO:0000115	
WARN	missing_definition	Polski Owczarek Podhalanski	IAO:0000115	
WARN	missing_definition	FH-r strain	IAO:0000115	
WARN	missing_definition	Lipizzan	IAO:0000115	
WARN	missing_definition	Rouge-des-Pr̩s	IAO:0000115	
WARN	missing_definition	Irish soft-coated wheaten terrier	IAO:0000115	
WARN	missing_definition	Schnauzer-Beagle cross	IAO:0000115	
WARN	missing_definition	Normand	IAO:0000115	
WARN	missing_definition	miniature donkey	IAO:0000115	
WARN	missing_definition	Miniature	IAO:0000115	
WARN	missing_definition	Miniature American Shepherd	IAO:0000115	
WARN	missing_definition	Pietrain	IAO:0000115	
WARN	missing_definition	Italian Holstein	IAO:0000115	
WARN	missing_definition	Italian Holstein	IAO:0000115	
WARN	missing_definition	Belgian draft horse	IAO:0000115	
WARN	missing_definition	American Bully	IAO:0000115	
WARN	missing_definition	Galgo Espa̱ol	IAO:0000115	
WARN	missing_definition	Magyar Ag��r	IAO:0000115	
WARN	missing_definition	Komondor	IAO:0000115	
WARN	missing_definition	German Angus	IAO:0000115	
WARN	missing_definition	American Bashkir Curly horse	IAO:0000115	
WARN	missing_definition	Missouri Foxtrotter	IAO:0000115	
WARN	missing_definition	American Akita	IAO:0000115	
WARN	missing_definition	French Bulldog	IAO:0000115	
WARN	missing_definition	Wyandotte	IAO:0000115	
WARN	missing_definition	Orpington	IAO:0000115	
WARN	missing_definition	Miniature Zebu	IAO:0000115	
WARN	missing_definition	Scottish Highland	IAO:0000115	
WARN	missing_definition	American Hairless Terrier	IAO:0000115	
WARN	missing_definition	Spanish horse	IAO:0000115	
WARN	missing_definition	Standardbred �� Tennessee Walking Horse cross	IAO:0000115	
WARN	missing_definition	Purebred Spanish horse	IAO:0000115	
WARN	missing_definition	German Shepherd Dog	IAO:0000115	
WARN	missing_definition	Shetland Pony	IAO:0000115	
WARN	missing_definition	Alpine Dachsbracke	IAO:0000115	
WARN	missing_definition	Spanish greyhound	IAO:0000115	
WARN	missing_definition	Petit Basset Griffon Vend̩en	IAO:0000115	
WARN	missing_definition	Kurilian Bobtail	IAO:0000115	
WARN	missing_definition	Northern Inuit Dog	IAO:0000115	
WARN	missing_definition	Gute	IAO:0000115	
WARN	missing_definition	V�_rmland	IAO:0000115	
WARN	missing_definition	Helsinge	IAO:0000115	
WARN	missing_definition	Kl̦vsj̦	IAO:0000115	
WARN	missing_definition	Massese	IAO:0000115	
WARN	missing_definition	Finnsheep	IAO:0000115	
WARN	missing_definition	Tux-Zillertaler	IAO:0000115	
WARN	missing_definition	Slovenian Cika	IAO:0000115	
WARN	missing_definition	British Gloucester	IAO:0000115	
WARN	missing_definition	Spanish Berrenda en negro	IAO:0000115	
WARN	missing_definition	Eringer	IAO:0000115	
WARN	missing_definition	Evol̬ner	IAO:0000115	
WARN	missing_definition	French Holstein	IAO:0000115	
WARN	missing_definition	Valais Red	IAO:0000115	
WARN	missing_definition	Standard Schnauzer	IAO:0000115	
WARN	missing_definition	Dorset Horn	IAO:0000115	
WARN	missing_definition	Cinta Senese	IAO:0000115	
WARN	missing_definition	Mexican Pelibuey	IAO:0000115	
WARN	missing_definition	Gypsy	IAO:0000115	
WARN	missing_definition	Istrian Pramenka	IAO:0000115	
WARN	missing_definition	Mie-Jidori	IAO:0000115	
WARN	missing_definition	Tennessee Walking Horse	IAO:0000115	
WARN	missing_definition	Norwegian Dairy Goat	IAO:0000115	
WARN	missing_definition	Synthetic	IAO:0000115	
WARN	missing_definition	Altay	IAO:0000115	
WARN	missing_definition	Australian Kelpie	IAO:0000115	
WARN	missing_definition	Thoroughbred	IAO:0000115	
WARN	missing_definition	Pyrenean Mountain Dog	IAO:0000115	
WARN	missing_definition	Pit Bull Terrier	IAO:0000115	
WARN	missing_definition	Australian Terrier	IAO:0000115	
WARN	missing_definition	Braque du Bourbonnais	IAO:0000115	
WARN	missing_definition	Dera Din Panah	IAO:0000115	
WARN	missing_definition	Nachi	IAO:0000115	
WARN	missing_definition	Kamori	IAO:0000115	
WARN	missing_definition	Yakutian	IAO:0000115	
WARN	missing_definition	Gurtenvieh	IAO:0000115	
WARN	missing_definition	Lakenvelder	IAO:0000115	
WARN	missing_definition	Sardinian	IAO:0000115	
WARN	missing_definition	Gang	IAO:0000115	
WARN	missing_definition	Pak angora	IAO:0000115	
WARN	missing_definition	Uckerm�_rker	IAO:0000115	
WARN	missing_definition	Danish Landrace	IAO:0000115	
WARN	missing_definition	Girgentana	IAO:0000115	
WARN	missing_definition	Appenzell	IAO:0000115	
WARN	missing_definition	Grisons Striped	IAO:0000115	
WARN	missing_definition	Chamois Colored	IAO:0000115	
WARN	missing_definition	Yorkshire	IAO:0000115	
WARN	missing_definition	St. Gallen Booted	IAO:0000115	
WARN	missing_definition	Peacock	IAO:0000115	
WARN	missing_definition	Bezoar	IAO:0000115	
WARN	missing_definition	American English Coonhound	IAO:0000115	
WARN	missing_definition	Danish-Swedish farmdog	IAO:0000115	
WARN	missing_definition	Ural Rex	IAO:0000115	
WARN	missing_definition	Domestic medium-haired	IAO:0000115	
WARN	missing_definition	Hungarian pumi	IAO:0000115	
WARN	missing_definition	Hungarian mudi	IAO:0000115	
WARN	missing_definition	Lykoi	IAO:0000115	
WARN	missing_definition	White Leghorn	IAO:0000115	
WARN	missing_definition	Munchkin	IAO:0000115	
WARN	missing_definition	Swiss Large White	IAO:0000115	
WARN	missing_definition	Australian Labradoodle	IAO:0000115	
WARN	missing_definition	Zwartbles	IAO:0000115	
WARN	missing_definition	Berber	IAO:0000115	
WARN	missing_definition	Dutch Shepherd dog	IAO:0000115	
WARN	missing_definition	Belgian Blue�ېHolstein cross	IAO:0000115	
WARN	missing_definition	Yimeng	IAO:0000115	
WARN	missing_definition	Yucatan miniature pig	IAO:0000115	
WARN	missing_definition	Mangalitza	IAO:0000115	
WARN	missing_definition	Black Minorca	IAO:0000115	
WARN	missing_definition	South Devon	IAO:0000115	
WARN	missing_definition	Bonsmara	IAO:0000115	
WARN	missing_definition	Santa Gertrudis	IAO:0000115	
WARN	missing_definition	Nguni	IAO:0000115	
WARN	missing_definition	Meuse Rhine Yssel	IAO:0000115	
WARN	missing_definition	Tsigai	IAO:0000115	
WARN	missing_definition	Suffolk	IAO:0000115	
WARN	missing_definition	Targhee	IAO:0000115	
WARN	missing_definition	St Croix	IAO:0000115	
WARN	missing_definition	Barbados	IAO:0000115	
WARN	missing_definition	White British	IAO:0000115	
WARN	missing_definition	Black Pied Danish	IAO:0000115	
WARN	missing_definition	collie	IAO:0000115	
WARN	missing_definition	Greenleg	IAO:0000115	
WARN	missing_definition	Swedish Red and White 	IAO:0000115	
WARN	missing_definition	Standardbred	IAO:0000115	
WARN	missing_definition	Quarter	IAO:0000115	
WARN	missing_definition	Arabian	IAO:0000115	
WARN	missing_definition	Percheron	IAO:0000115	
WARN	missing_definition	Clydesdale	IAO:0000115	
WARN	missing_definition	Texel	IAO:0000115	
WARN	missing_definition	Leicester	IAO:0000115	
WARN	missing_definition	Oxforddown	IAO:0000115	
WARN	missing_definition	Siberian Husky	IAO:0000115	
WARN	missing_definition	Shropshire	IAO:0000115	
WARN	missing_definition	Marsh	IAO:0000115	
WARN	missing_definition	Spotted Mountain	IAO:0000115	
WARN	missing_definition	Brown German	IAO:0000115	
WARN	missing_definition	Yellow Hill	IAO:0000115	
WARN	missing_definition	Pinzgau	IAO:0000115	
WARN	missing_definition	Welsh	IAO:0000115	
WARN	missing_definition	Wessex	IAO:0000115	
WARN	missing_definition	Coopworth	IAO:0000115	
WARN	missing_definition	Saint Bernard	IAO:0000115	
WARN	missing_definition	Belgian	IAO:0000115	
WARN	missing_definition	Dachshund	IAO:0000115	
WARN	missing_definition	Banteng (Bali)	IAO:0000115	
WARN	missing_definition	Lacombe	IAO:0000115	
WARN	missing_definition	Shortcoated Setter	IAO:0000115	
WARN	missing_definition	Cavalier King Charles Spaniel	IAO:0000115	
WARN	missing_definition	Belgian White and Blue Pied	IAO:0000115	
WARN	missing_definition	Alsation	IAO:0000115	
WARN	missing_definition	Rhodesian Ridgeback	IAO:0000115	
WARN	missing_definition	Tuli	IAO:0000115	
WARN	missing_definition	Manguni	IAO:0000115	
WARN	missing_definition	Quarter Horse	IAO:0000115	
WARN	missing_definition	Mashona	IAO:0000115	
WARN	missing_definition	Siamese	IAO:0000115	
WARN	missing_definition	Montbeliarde	IAO:0000115	
WARN	missing_definition	Podolian	IAO:0000115	
WARN	missing_definition	Apulian	IAO:0000115	
WARN	missing_definition	Perendale	IAO:0000115	
WARN	missing_definition	Hariana	IAO:0000115	
WARN	missing_definition	Fleckvieh	IAO:0000115	
WARN	missing_definition	British White Park	IAO:0000115	
WARN	missing_definition	Braford	IAO:0000115	
WARN	missing_definition	Hereford	IAO:0000115	
WARN	missing_definition	Alaskan Malamute	IAO:0000115	
WARN	missing_definition	Grauvieh	IAO:0000115	
WARN	missing_definition	Miniature Poodle	IAO:0000115	
WARN	missing_definition	Old English Sheepdog	IAO:0000115	
WARN	missing_definition	Alpine Grey	IAO:0000115	
WARN	missing_definition	Hampshire	IAO:0000115	
WARN	missing_definition	Red Angus	IAO:0000115	
WARN	missing_definition	Afrikaner	IAO:0000115	
WARN	missing_definition	West Highland White Terrier	IAO:0000115	
WARN	missing_definition	Dalmatian	IAO:0000115	
WARN	missing_definition	Galloway	IAO:0000115	
WARN	missing_definition	Vendee	IAO:0000115	
WARN	missing_definition	Manx	IAO:0000115	
WARN	missing_definition	Basset Hound	IAO:0000115	
WARN	missing_definition	Langhe	IAO:0000115	
WARN	missing_definition	English Setter	IAO:0000115	
WARN	missing_definition	Devon	IAO:0000115	
WARN	missing_definition	Spaniel	IAO:0000115	
WARN	missing_definition	Poodle	IAO:0000115	
WARN	missing_definition	Angoni	IAO:0000115	
WARN	missing_definition	Dala	IAO:0000115	
WARN	missing_definition	Charolais	IAO:0000115	
WARN	missing_definition	Rygja	IAO:0000115	
WARN	missing_definition	Cheviot	IAO:0000115	
WARN	missing_definition	Lincoln	IAO:0000115	
WARN	missing_definition	Welsh Mountain	IAO:0000115	
WARN	missing_definition	South Hampshire	IAO:0000115	
WARN	missing_definition	Abyssinian	IAO:0000115	
WARN	missing_definition	Pomeranian	IAO:0000115	
WARN	missing_definition	Australian Illawarra Shorthorn	IAO:0000115	
WARN	missing_definition	Greyhound	IAO:0000115	
WARN	missing_definition	English Pointer	IAO:0000115	
WARN	missing_definition	Staffordshire Bull Terrier	IAO:0000115	
WARN	missing_definition	Corgi	IAO:0000115	
WARN	missing_definition	Light Brown Leghorn	IAO:0000115	
WARN	missing_definition	Burmese	IAO:0000115	
WARN	missing_definition	Romagna	IAO:0000115	
WARN	missing_definition	Pied Hungarian	IAO:0000115	
WARN	missing_definition	Vorderwald	IAO:0000115	
WARN	missing_definition	Hinterwalder	IAO:0000115	
WARN	missing_definition	Red	IAO:0000115	
WARN	missing_definition	Red and White	IAO:0000115	
WARN	missing_definition	Black Pied Swiss	IAO:0000115	
WARN	missing_definition	Franconian	IAO:0000115	
WARN	missing_definition	Cardigan Welsh Corgi	IAO:0000115	
WARN	missing_definition	Shetland Sheepdog	IAO:0000115	
WARN	missing_definition	Chianina	IAO:0000115	
WARN	missing_definition	Basenji	IAO:0000115	
WARN	missing_definition	Afghan Hound	IAO:0000115	
WARN	missing_definition	Bedlington Terrier	IAO:0000115	
WARN	missing_definition	Wirehaired Fox Terrier	IAO:0000115	
WARN	missing_definition	Alai Fat Rumped	IAO:0000115	
WARN	missing_definition	Saraja	IAO:0000115	
WARN	missing_definition	Schwarzbunt	IAO:0000115	
WARN	missing_definition	Kazakh Finewool	IAO:0000115	
WARN	missing_definition	Himalayan	IAO:0000115	
WARN	missing_definition	Holsteiner	IAO:0000115	
WARN	missing_definition	Piedmont	IAO:0000115	
WARN	missing_definition	Southdown	IAO:0000115	
WARN	missing_definition	Fulani	IAO:0000115	
WARN	missing_definition	Maure	IAO:0000115	
WARN	missing_definition	Bororo	IAO:0000115	
WARN	missing_definition	Brazilian Somali	IAO:0000115	
WARN	missing_definition	Morada Nova	IAO:0000115	
WARN	missing_definition	Santa Ines	IAO:0000115	
WARN	missing_definition	Bavarian Allgau	IAO:0000115	
WARN	missing_definition	Soft Coated Wheaten Terrier	IAO:0000115	
WARN	missing_definition	Murciana Granadina	IAO:0000115	
WARN	missing_definition	Black Pied Lowland	IAO:0000115	
WARN	missing_definition	Barotse	IAO:0000115	
WARN	missing_definition	Tonga	IAO:0000115	
WARN	missing_definition	Black Japanese	IAO:0000115	
WARN	missing_definition	Golden Retriever	IAO:0000115	
WARN	missing_definition	Black and White Dutch	IAO:0000115	
WARN	missing_definition	Red and White Dutch	IAO:0000115	
WARN	missing_definition	German Brown	IAO:0000115	
WARN	missing_definition	Grey Collie	IAO:0000115	
WARN	missing_definition	Brahman	IAO:0000115	
WARN	missing_definition	English Bulldog	IAO:0000115	
WARN	missing_definition	Nilagiri	IAO:0000115	
WARN	missing_definition	Red Irish Setter	IAO:0000115	
WARN	missing_definition	Red Holstein	IAO:0000115	
WARN	missing_definition	Scottish Terrier	IAO:0000115	
WARN	missing_definition	Sebright	IAO:0000115	
WARN	missing_definition	Podolian Grey Steppe	IAO:0000115	
WARN	missing_definition	Gotland	IAO:0000115	
WARN	missing_definition	Wensleydown	IAO:0000115	
WARN	missing_definition	Avilena	IAO:0000115	
WARN	missing_definition	Tasmanian Merino	IAO:0000115	
WARN	missing_definition	Lowland Swedish	IAO:0000115	
WARN	missing_definition	Cairn Terrier	IAO:0000115	
WARN	missing_definition	Ala Tau	IAO:0000115	
WARN	missing_definition	Whiteheaded Kazakh	IAO:0000115	
WARN	missing_definition	Nile	IAO:0000115	
WARN	missing_definition	Polled Shorthorn?	IAO:0000115	
WARN	missing_definition	Pitangueiras	IAO:0000115	
WARN	missing_definition	Salers	IAO:0000115	
WARN	missing_definition	Dalmatian Coach Hound	IAO:0000115	
WARN	missing_definition	Oxford	IAO:0000115	
WARN	missing_definition	Rambouillet	IAO:0000115	
WARN	missing_definition	Ile de France	IAO:0000115	
WARN	missing_definition	Jamunapari	IAO:0000115	
WARN	missing_definition	Barbari	IAO:0000115	
WARN	missing_definition	Tarentaise	IAO:0000115	
WARN	missing_definition	Chillingham	IAO:0000115	
WARN	missing_definition	Bulldog	IAO:0000115	
WARN	missing_definition	Tamworth	IAO:0000115	
WARN	missing_definition	Doberman Pincher	IAO:0000115	
WARN	missing_definition	N'dama	IAO:0000115	
WARN	missing_definition	Afikander	IAO:0000115	
WARN	missing_definition	Moscow	IAO:0000115	
WARN	missing_definition	White Plymouth Rock	IAO:0000115	
WARN	missing_definition	Cornish	IAO:0000115	
WARN	missing_definition	Pashmina	IAO:0000115	
WARN	missing_definition	Walker Hound	IAO:0000115	
WARN	missing_definition	Galway	IAO:0000115	
WARN	missing_definition	Airedale Terrier	IAO:0000115	
WARN	missing_definition	Blackhead Persian	IAO:0000115	
WARN	missing_definition	Standard Poodle	IAO:0000115	
WARN	missing_definition	Leghorn	IAO:0000115	
WARN	missing_definition	Bengal	IAO:0000115	
WARN	missing_definition	Rhode Island Red	IAO:0000115	
WARN	missing_definition	Muzaffarnagari	IAO:0000115	
WARN	missing_definition	Weimaraner	IAO:0000115	
WARN	missing_definition	Kumauni Hill	IAO:0000115	
WARN	missing_definition	Toggenburg	IAO:0000115	
WARN	missing_definition	Magra	IAO:0000115	
WARN	missing_definition	Flemisch	IAO:0000115	
WARN	missing_definition	Swedish Lowland	IAO:0000115	
WARN	missing_definition	Black and White German	IAO:0000115	
WARN	missing_definition	Red and White Westphalian	IAO:0000115	
WARN	missing_definition	West Highland White terrier	IAO:0000115	
WARN	missing_definition	Nganda	IAO:0000115	
WARN	missing_definition	Barrosa	IAO:0000115	
WARN	missing_definition	Irish Setter	IAO:0000115	
WARN	missing_definition	Shetland	IAO:0000115	
WARN	missing_definition	Romanovsky	IAO:0000115	
WARN	missing_definition	Blue Faced Maine	IAO:0000115	
WARN	missing_definition	Newfoundland	IAO:0000115	
WARN	missing_definition	Broad Breasted White	IAO:0000115	
WARN	missing_definition	Fox Terrier	IAO:0000115	
WARN	missing_definition	Bavarian Grey Iskur	IAO:0000115	
WARN	missing_definition	Simmental	IAO:0000115	
WARN	missing_definition	Maltese Terriers	IAO:0000115	
WARN	missing_definition	Fribourg	IAO:0000115	
WARN	missing_definition	Sindhi	IAO:0000115	
WARN	missing_definition	Sahiwal	IAO:0000115	
WARN	missing_definition	Brittany Spaniel	IAO:0000115	
WARN	missing_definition	Murnau Werdenfelser	IAO:0000115	
WARN	missing_definition	Australian Cattle Dog	IAO:0000115	
WARN	missing_definition	Chihuahua	IAO:0000115	
WARN	missing_definition	Chow Chow	IAO:0000115	
WARN	missing_definition	Norwegian buhund	IAO:0000115	
WARN	missing_definition	Red Pied Aosta	IAO:0000115	
WARN	missing_definition	Japanese Black	IAO:0000115	
WARN	missing_definition	White Wyandotte	IAO:0000115	
WARN	missing_definition	Irish Terrier	IAO:0000115	
WARN	missing_definition	Sheepdog	IAO:0000115	
WARN	missing_definition	Kerry Blue Terrier	IAO:0000115	
WARN	missing_definition	Black Welsh	IAO:0000115	
WARN	missing_definition	Murboden	IAO:0000115	
WARN	missing_definition	Toy Griffon	IAO:0000115	
WARN	missing_definition	Black Pied German	IAO:0000115	
WARN	missing_definition	Jiaxing	IAO:0000115	
WARN	missing_definition	Laconie	IAO:0000115	
WARN	missing_definition	Bull Terrier	IAO:0000115	
WARN	missing_definition	Devon Rex	IAO:0000115	
WARN	missing_definition	Chester White	IAO:0000115	
WARN	missing_definition	Grivette	IAO:0000115	
WARN	missing_definition	Solognot	IAO:0000115	
WARN	missing_definition	Vendeen	IAO:0000115	
WARN	missing_definition	Schipperke	IAO:0000115	
WARN	missing_definition	Murray Grey	IAO:0000115	
WARN	missing_definition	Border Collie	IAO:0000115	
WARN	missing_definition	Yorkshire Terrier	IAO:0000115	
WARN	missing_definition	Saluke	IAO:0000115	
WARN	missing_definition	Waygu	IAO:0000115	
WARN	missing_definition	Japanese Brown	IAO:0000115	
WARN	missing_definition	Sokolka	IAO:0000115	
WARN	missing_definition	New Hampshire	IAO:0000115	
WARN	missing_definition	Red Bulgarian	IAO:0000115	
WARN	missing_definition	Minnesota	IAO:0000115	
WARN	missing_definition	Blue and White Belgian	IAO:0000115	
WARN	missing_definition	Racing Homer	IAO:0000115	
WARN	missing_definition	White Carneau	IAO:0000115	
WARN	missing_definition	Assaf	IAO:0000115	
WARN	missing_definition	Great Dane	IAO:0000115	
WARN	missing_definition	German Pie	IAO:0000115	
WARN	missing_definition	Ancona	IAO:0000115	
WARN	missing_definition	Brown Leghorn	IAO:0000115	
WARN	missing_definition	Brown Italian	IAO:0000115	
WARN	missing_definition	Wallachian	IAO:0000115	
WARN	missing_definition	Cigaja	IAO:0000115	
WARN	missing_definition	Keeshond	IAO:0000115	
WARN	missing_definition	West Highland	IAO:0000115	
WARN	missing_definition	Central Belgian	IAO:0000115	
WARN	missing_definition	Upper Belgian	IAO:0000115	
WARN	missing_definition	Toy Poodle	IAO:0000115	
WARN	missing_definition	Finnish Landrace	IAO:0000115	
WARN	missing_definition	Elkhound	IAO:0000115	
WARN	missing_definition	Najdi	IAO:0000115	
WARN	missing_definition	Hejazi	IAO:0000115	
WARN	missing_definition	White Fulani	IAO:0000115	
WARN	missing_definition	Columbia	IAO:0000115	
WARN	missing_definition	Black Castilian	IAO:0000115	
WARN	missing_definition	Barred Utreranian	IAO:0000115	
WARN	missing_definition	Silky Terrier	IAO:0000115	
WARN	missing_definition	Hyfer	IAO:0000115	
WARN	missing_definition	Border Leicester	IAO:0000115	
WARN	missing_definition	Dexter	IAO:0000115	
WARN	missing_definition	Airedale	IAO:0000115	
WARN	missing_definition	Australian Friesian Sahiwal	IAO:0000115	
WARN	missing_definition	Malvi	IAO:0000115	
WARN	missing_definition	Khillar	IAO:0000115	
WARN	missing_definition	Krankrej	IAO:0000115	
WARN	missing_definition	Dangi	IAO:0000115	
WARN	missing_definition	Red Japanese	IAO:0000115	
WARN	missing_definition	Normandy	IAO:0000115	
WARN	missing_definition	Crioula Lanada	IAO:0000115	
WARN	missing_definition	Crioula	IAO:0000115	
WARN	missing_definition	Scottish Fold	IAO:0000115	
WARN	missing_definition	Lacha	IAO:0000115	
WARN	missing_definition	Giant Schnauzer	IAO:0000115	
WARN	missing_definition	Drenthe	IAO:0000115	
WARN	missing_definition	Chincilla	IAO:0000115	
WARN	missing_definition	Merinolandschaf	IAO:0000115	
WARN	missing_definition	Wuttemberg Merino	IAO:0000115	
WARN	missing_definition	Leine	IAO:0000115	
WARN	missing_definition	Persian	IAO:0000115	
WARN	missing_definition	Doberman	IAO:0000115	
WARN	missing_definition	Norwegian Elkhound	IAO:0000115	
WARN	missing_definition	Schnauzer	IAO:0000115	
WARN	missing_definition	Yorkshire terrier	IAO:0000115	
WARN	missing_definition	Chinese Shar-Pei	IAO:0000115	
WARN	missing_definition	Dobermann	IAO:0000115	
WARN	missing_definition	Australorp	IAO:0000115	
WARN	missing_definition	Tibetan Terrier	IAO:0000115	
WARN	missing_definition	Sur	IAO:0000115	
WARN	missing_definition	Red Setter	IAO:0000115	
WARN	missing_definition	Labrador	IAO:0000115	
WARN	missing_definition	Retriever	IAO:0000115	
WARN	missing_definition	Rough Collie	IAO:0000115	
WARN	missing_definition	Friesian	IAO:0000115	
WARN	missing_definition	Estonian Bacon	IAO:0000115	
WARN	missing_definition	Red Dane	IAO:0000115	
WARN	missing_definition	White Czecholslovakian	IAO:0000115	
WARN	missing_definition	Pug	IAO:0000115	
WARN	missing_definition	Alpen	IAO:0000115	
WARN	missing_definition	Manchester Terrier	IAO:0000115	
WARN	missing_definition	Pointer	IAO:0000115	
WARN	missing_definition	Springer Spaniel	IAO:0000115	
WARN	missing_definition	Berkshire	IAO:0000115	
WARN	missing_definition	White Rock	IAO:0000115	
WARN	missing_definition	Briard	IAO:0000115	
WARN	missing_definition	Merino	IAO:0000115	
WARN	missing_definition	Australian Milking Zebu	IAO:0000115	
WARN	missing_definition	Australian Shepherd	IAO:0000115	
WARN	missing_definition	Pembroke Welsh Corgi	IAO:0000115	
WARN	missing_definition	Red Spotted Hungarian	IAO:0000115	
WARN	missing_definition	Red and White Norwegian	IAO:0000115	
WARN	missing_definition	Telemark	IAO:0000115	
WARN	missing_definition	Bighorn	IAO:0000115	
WARN	missing_definition	Camborough	IAO:0000115	
WARN	missing_definition	Pekinese	IAO:0000115	
WARN	missing_definition	Palomino	IAO:0000115	
WARN	missing_definition	Poll Dorset	IAO:0000115	
WARN	missing_definition	Altamurana	IAO:0000115	
WARN	missing_definition	Polish Mountain	IAO:0000115	
WARN	missing_definition	Polish Zackel	IAO:0000115	
WARN	missing_definition	Kent	IAO:0000115	
WARN	missing_definition	Fryz	IAO:0000115	
WARN	missing_definition	Chiana	IAO:0000115	
WARN	missing_definition	Lakeland Terrier	IAO:0000115	
WARN	missing_definition	Jersey Giant	IAO:0000115	
WARN	missing_definition	Polypay	IAO:0000115	
WARN	missing_definition	Modica	IAO:0000115	
WARN	missing_definition	Cairn terrier	IAO:0000115	
WARN	missing_definition	Teso	IAO:0000115	
WARN	missing_definition	Ankole	IAO:0000115	
WARN	missing_definition	Shorthorned Zebu	IAO:0000115	
WARN	missing_definition	Rhode Island	IAO:0000115	
WARN	missing_definition	Miniature Pinscher	IAO:0000115	
WARN	missing_definition	Nellore	IAO:0000115	
WARN	missing_definition	Pisa	IAO:0000115	
WARN	missing_definition	American Quarter Horse	IAO:0000115	
WARN	missing_definition	Fengjing	IAO:0000115	
WARN	missing_definition	Minzhu	IAO:0000115	
WARN	missing_definition	Awassi	IAO:0000115	
WARN	missing_definition	Bearded Collie	IAO:0000115	
WARN	missing_definition	Anglo Nubian	IAO:0000115	
WARN	missing_definition	Blue Faced Leicester	IAO:0000115	
WARN	missing_definition	Swaledale	IAO:0000115	
WARN	missing_definition	Brown Russian	IAO:0000115	
WARN	missing_definition	Great Yorkshire	IAO:0000115	
WARN	missing_definition	Oldenburg	IAO:0000115	
WARN	missing_definition	Romagnola	IAO:0000115	
WARN	missing_definition	Red Spotted	IAO:0000115	
WARN	missing_definition	Angeln Saddleback	IAO:0000115	
WARN	missing_definition	Angus	IAO:0000115	
WARN	missing_definition	Broad Breasted Bronze	IAO:0000115	
WARN	missing_definition	Guzera	IAO:0000115	
WARN	missing_definition	Rottweiler	IAO:0000115	
WARN	missing_definition	Fyoumi	IAO:0000115	
WARN	missing_definition	Marche	IAO:0000115	
WARN	missing_definition	Swedish Highland	IAO:0000115	
WARN	missing_definition	Sealyham Terrier	IAO:0000115	
WARN	missing_definition	Swedish Mountain	IAO:0000115	
WARN	missing_definition	Red and white Swedish	IAO:0000115	
WARN	missing_definition	Brangus	IAO:0000115	
WARN	missing_definition	Golden Campine	IAO:0000115	
WARN	missing_definition	Essex	IAO:0000115	
WARN	missing_definition	Saddleback	IAO:0000115	
WARN	missing_definition	Alsatian	IAO:0000115	
WARN	missing_definition	Shar Planinetz	IAO:0000115	
WARN	missing_definition	Siberian Huskie	IAO:0000115	
WARN	missing_definition	Flemish Giant	IAO:0000115	
WARN	missing_definition	New Zealand White	IAO:0000115	
WARN	missing_definition	Foxhound	IAO:0000115	
WARN	missing_definition	White Chinese	IAO:0000115	
WARN	missing_definition	Mouton Vendeen	IAO:0000115	
WARN	missing_definition	Jersey	IAO:0000115	
WARN	missing_definition	British shorthair	IAO:0000115	
WARN	missing_definition	Domestic shorthair	IAO:0000115	
WARN	missing_definition	Bull Mastiff	IAO:0000115	
WARN	missing_definition	German Shorthaired Pointer	IAO:0000115	
WARN	missing_definition	Boykin Spaniel	IAO:0000115	
WARN	missing_definition	Brown Sofia	IAO:0000115	
WARN	missing_definition	French Landrace	IAO:0000115	
WARN	missing_definition	Edelschwein	IAO:0000115	
WARN	missing_definition	English Springer Spaniel	IAO:0000115	
WARN	missing_definition	North Caucasian	IAO:0000115	
WARN	missing_definition	Romanov	IAO:0000115	
WARN	missing_definition	German Long-wool	IAO:0000115	
WARN	missing_definition	Rubia Gallega	IAO:0000115	
WARN	missing_definition	Asturiana	IAO:0000115	
WARN	missing_definition	Casco de Mula	IAO:0000115	
WARN	missing_definition	Baladi	IAO:0000115	
WARN	missing_definition	Angler	IAO:0000115	
WARN	missing_definition	Red and White German	IAO:0000115	
WARN	missing_definition	Barred Plymouth Rock	IAO:0000115	
WARN	missing_definition	Marwari	IAO:0000115	
WARN	missing_definition	East African Shorthorn Zebu	IAO:0000115	
WARN	missing_definition	Piedmontese	IAO:0000115	
WARN	missing_definition	Bohemian White	IAO:0000115	
WARN	missing_definition	East African Zebu	IAO:0000115	
WARN	missing_definition	Elliottdale	IAO:0000115	
WARN	missing_definition	Lhasa Apso	IAO:0000115	
WARN	missing_definition	Damascus	IAO:0000115	
WARN	missing_definition	Namaqua	IAO:0000115	
WARN	missing_definition	Australian Sheepdog	IAO:0000115	
WARN	missing_definition	Polish Owczarek Nizinny	IAO:0000115	
WARN	missing_definition	Red Brahman	IAO:0000115	
WARN	missing_definition	Indubrazil	IAO:0000115	
WARN	missing_definition	Belgian Blue	IAO:0000115	
WARN	missing_definition	White Jaidara	IAO:0000115	
WARN	missing_definition	Gordon Setter	IAO:0000115	
WARN	missing_definition	Brown Alpine	IAO:0000115	
WARN	missing_definition	Bohemian Large White	IAO:0000115	
WARN	missing_definition	Black and White Lowland	IAO:0000115	
WARN	missing_definition	Merino Fleisch Schafe	IAO:0000115	
WARN	missing_definition	White Karaman	IAO:0000115	
WARN	missing_definition	Black and White Polish	IAO:0000115	
WARN	missing_definition	Clun Forest	IAO:0000115	
WARN	missing_definition	Canastrao	IAO:0000115	
WARN	missing_definition	Cocker Spaniel	IAO:0000115	
WARN	missing_definition	Chinchilla	IAO:0000115	
WARN	missing_definition	Urshumskaya	IAO:0000115	
WARN	missing_definition	Schwerfurt	IAO:0000115	
WARN	missing_definition	Beetal	IAO:0000115	
WARN	missing_definition	Black Bengal	IAO:0000115	
WARN	missing_definition	Black and White	IAO:0000115	
WARN	missing_definition	Jack Russel Terrier	IAO:0000115	
WARN	missing_definition	Columbian Rock	IAO:0000115	
WARN	missing_definition	Canchim	IAO:0000115	
WARN	missing_definition	Gaddi	IAO:0000115	
WARN	missing_definition	Large White	IAO:0000115	
WARN	missing_definition	Brown Swiss x Braunvieh	IAO:0000115	
WARN	missing_definition	Small African Zebu	IAO:0000115	
WARN	missing_definition	Borana	IAO:0000115	
WARN	missing_definition	Spotted Hungarian	IAO:0000115	
WARN	missing_definition	Black MInorca	IAO:0000115	
WARN	missing_definition	Mastin del Pirineo	IAO:0000115	
WARN	missing_definition	Mastin Espanol	IAO:0000115	
WARN	missing_definition	Gos d'Atura	IAO:0000115	
WARN	missing_definition	Sabueso Espanol	IAO:0000115	
WARN	missing_definition	White Tzagai	IAO:0000115	
WARN	missing_definition	Meishan	IAO:0000115	
WARN	missing_definition	American Standardbred	IAO:0000115	
WARN	missing_definition	Grey Hungarian	IAO:0000115	
WARN	missing_definition	Wrzosowka	IAO:0000115	
WARN	missing_definition	Baoule	IAO:0000115	
WARN	missing_definition	Ganjam	IAO:0000115	
WARN	missing_definition	Hungarian Red Spotted	IAO:0000115	
WARN	missing_definition	Red Pied Lowland	IAO:0000115	
WARN	missing_definition	Angeln	IAO:0000115	
WARN	missing_definition	Red German	IAO:0000115	
WARN	missing_definition	Maremma	IAO:0000115	
WARN	missing_definition	Corriedale	IAO:0000115	
WARN	missing_definition	Patanwadi	IAO:0000115	
WARN	missing_definition	Scottish Blackface	IAO:0000115	
WARN	missing_definition	Colombian	IAO:0000115	
WARN	missing_definition	Criolla	IAO:0000115	
WARN	missing_definition	Vacas de lidia	IAO:0000115	
WARN	missing_definition	Longhorn	IAO:0000115	
WARN	missing_definition	Caracu	IAO:0000115	
WARN	missing_definition	Chesapeake Bay Retriever	IAO:0000115	
WARN	missing_definition	Red Norwegian	IAO:0000115	
WARN	missing_definition	Polwarth	IAO:0000115	
WARN	missing_definition	Polish Red	IAO:0000115	
WARN	missing_definition	Light Sussex	IAO:0000115	
WARN	missing_definition	Single Comb White Leghorn	IAO:0000115	
WARN	missing_definition	White Pekin	IAO:0000115	
WARN	missing_definition	Montadale	IAO:0000115	
WARN	missing_definition	Jack Russell Terrier	IAO:0000115	
WARN	missing_definition	Priangan	IAO:0000115	
WARN	missing_definition	Black Leghorn	IAO:0000115	
WARN	missing_definition	Flemish Milksheep	IAO:0000115	
WARN	missing_definition	Romney Marsh	IAO:0000115	
WARN	missing_definition	Malamute	IAO:0000115	
WARN	missing_definition	Rathi	IAO:0000115	
WARN	missing_definition	Red Belgian	IAO:0000115	
WARN	missing_definition	King Charles Spaniel	IAO:0000115	
WARN	missing_definition	Gascon-Meishan	IAO:0000115	
WARN	missing_definition	Red Pied	IAO:0000115	
WARN	missing_definition	Shorthorn West African	IAO:0000115	
WARN	missing_definition	Sardinian Lowland	IAO:0000115	
WARN	missing_definition	Tervueron Shepherd	IAO:0000115	
WARN	missing_definition	Dorset	IAO:0000115	
WARN	missing_definition	Belgian Shepherd	IAO:0000115	
WARN	missing_definition	Boer	IAO:0000115	
WARN	missing_definition	Deutsches Edelschwein	IAO:0000115	
WARN	missing_definition	Boston Terrier	IAO:0000115	
WARN	missing_definition	Groningen	IAO:0000115	
WARN	missing_definition	White Cornish	IAO:0000115	
WARN	missing_definition	Gromark	IAO:0000115	
WARN	missing_definition	Gyr	IAO:0000115	
WARN	missing_definition	Large Black	IAO:0000115	
WARN	missing_definition	Red Poll	IAO:0000115	
WARN	missing_definition	Coloursided Tronder	IAO:0000115	
WARN	missing_definition	Blacksided Trondheims	IAO:0000115	
WARN	missing_definition	Oldenberg	IAO:0000115	
WARN	missing_definition	Chow	IAO:0000115	
WARN	missing_definition	Brown Mountain	IAO:0000115	
WARN	missing_definition	Lundehund	IAO:0000115	
WARN	missing_definition	Skye Terrier	IAO:0000115	
WARN	missing_definition	Sydney Silky	IAO:0000115	
WARN	missing_definition	Domestic Shorthair	IAO:0000115	
WARN	missing_definition	Black and White Danish	IAO:0000115	
WARN	missing_definition	Limousin	IAO:0000115	
WARN	missing_definition	Marchigiana	IAO:0000115	
WARN	missing_definition	Guzerat	IAO:0000115	
WARN	missing_definition	Tabapuan	IAO:0000115	
WARN	missing_definition	Bulgarian Improved White	IAO:0000115	
WARN	missing_definition	Polbar	IAO:0000115	
WARN	missing_definition	Polish Greenleg	IAO:0000115	
WARN	missing_definition	Red Sindhi	IAO:0000115	
WARN	missing_definition	Desi	IAO:0000115	
WARN	missing_definition	Madras Red	IAO:0000115	
WARN	missing_definition	Appaloosa	IAO:0000115	
WARN	missing_definition	Braunvieh	IAO:0000115	
WARN	missing_definition	Creole	IAO:0000115	
WARN	missing_definition	White American	IAO:0000115	
WARN	missing_definition	Black and White Swiss	IAO:0000115	
WARN	missing_definition	Sofia Brown	IAO:0000115	
WARN	missing_definition	Montafon	IAO:0000115	
WARN	missing_definition	Brown Bavarian	IAO:0000115	
WARN	missing_definition	Tyrolean Grey	IAO:0000115	
WARN	missing_definition	Red Friesian	IAO:0000115	
WARN	missing_definition	Maltese	IAO:0000115	
WARN	missing_definition	Carelian Beardogs	IAO:0000115	
WARN	missing_definition	Indonesian Thin Tail	IAO:0000115	
WARN	missing_definition	Pinzgauer	IAO:0000115	
WARN	missing_definition	Dutch Belted	IAO:0000115	
WARN	missing_definition	Fribourg Black Spotted	IAO:0000115	
WARN	missing_definition	Bluetick Hound	IAO:0000115	
WARN	missing_definition	White Polled Short Hair	IAO:0000115	
WARN	missing_definition	Beveren	IAO:0000115	
WARN	missing_definition	French	IAO:0000115	
WARN	missing_definition	Girolanda	IAO:0000115	
WARN	missing_definition	Terrier	IAO:0000115	
WARN	missing_definition	German Simmental	IAO:0000115	
WARN	missing_definition	Red Bohemian	IAO:0000115	
WARN	missing_definition	Gelbvieh	IAO:0000115	
WARN	missing_definition	Pied Bohemian	IAO:0000115	
WARN	missing_definition	Pied Slovak	IAO:0000115	
WARN	missing_definition	protein	IAO:0000115	
WARN	missing_definition	Poland China	IAO:0000115	
WARN	missing_definition	Hungarian White	IAO:0000115	
WARN	missing_definition	Block Spotted	IAO:0000115	
WARN	missing_definition	Spael	IAO:0000115	
WARN	missing_definition	Swedish Lapland	IAO:0000115	
WARN	missing_definition	Normande	IAO:0000115	
WARN	missing_definition	German Pinscher	IAO:0000115	
WARN	missing_definition	Blue Andalusian	IAO:0000115	
WARN	missing_definition	Tzigaia	IAO:0000115	
WARN	missing_definition	Sirohi	IAO:0000115	
WARN	missing_definition	Miniature Toy Poodle	IAO:0000115	
WARN	missing_definition	Choka	IAO:0000115	
WARN	missing_definition	Nali	IAO:0000115	
WARN	missing_definition	Karakachan	IAO:0000115	
WARN	missing_definition	Wurttemberg Merino	IAO:0000115	
WARN	missing_definition	German Blackheaded Mutton	IAO:0000115	
WARN	missing_definition	German Whiteheaded Mutton	IAO:0000115	
WARN	missing_definition	East Friesian	IAO:0000115	
WARN	missing_definition	Silver Spangled Hamburgh	IAO:0000115	
WARN	missing_definition	German Heath	IAO:0000115	
WARN	missing_definition	Rhon	IAO:0000115	
WARN	missing_definition	Bentheim	IAO:0000115	
WARN	missing_definition	Hovawart	IAO:0000115	
WARN	missing_definition	Vizsla	IAO:0000115	
WARN	missing_definition	Bull mastiff	IAO:0000115	
WARN	missing_definition	English Cocker Spaniel	IAO:0000115	
WARN	missing_definition	Black and White Belgian	IAO:0000115	
WARN	missing_definition	Dagestan White	IAO:0000115	
WARN	missing_definition	Comiaana	IAO:0000115	
WARN	missing_definition	Silver Sebright	IAO:0000115	
WARN	missing_definition	Anatolian Shepherd	IAO:0000115	
WARN	missing_definition	Toy Spaniel	IAO:0000115	
WARN	missing_definition	Beltsville	IAO:0000115	
WARN	missing_definition	Tharparkar	IAO:0000115	
WARN	missing_definition	Droughtmaster	IAO:0000115	
WARN	missing_definition	Brown Latvian	IAO:0000115	
WARN	missing_definition	Kelpie	IAO:0000115	
WARN	missing_definition	Sussex	IAO:0000115	
WARN	missing_definition	Criollo	IAO:0000115	
WARN	missing_definition	Red Spotted Simmental	IAO:0000115	
WARN	missing_definition	Gir	IAO:0000115	
WARN	missing_definition	Tibetan Mastiff	IAO:0000115	
WARN	missing_definition	Pied	IAO:0000115	
WARN	missing_definition	Swedish Finewool Landrace	IAO:0000115	
WARN	missing_definition	Gascony	IAO:0000115	
WARN	missing_definition	Black Pied Basque	IAO:0000115	
WARN	missing_definition	Colorado Ranger	IAO:0000115	
WARN	missing_definition	Tate de Mouton	IAO:0000115	
WARN	missing_definition	Borzoi	IAO:0000115	
WARN	missing_definition	Red Pied Swedish	IAO:0000115	
WARN	missing_definition	Shorthorn Friesian	IAO:0000115	
WARN	missing_definition	Zebu	IAO:0000115	
WARN	missing_definition	Est a Laine Merino	IAO:0000115	
WARN	missing_definition	Prealpes	IAO:0000115	
WARN	missing_definition	Communes des Alpes	IAO:0000115	
WARN	missing_definition	Ausimi	IAO:0000115	
WARN	missing_definition	Osimi	IAO:0000115	
WARN	missing_definition	Rahmani	IAO:0000115	
WARN	missing_definition	Racka	IAO:0000115	
WARN	missing_definition	Plymouth Rock	IAO:0000115	
WARN	missing_definition	Shepherd	IAO:0000115	
WARN	missing_definition	Irish Wolfhound	IAO:0000115	
WARN	missing_definition	Merino d'Arles	IAO:0000115	
WARN	missing_definition	Gudali	IAO:0000115	
WARN	missing_definition	Wakwa	IAO:0000115	
WARN	missing_definition	West Highland Terrier	IAO:0000115	
WARN	missing_definition	Webster Terrier	IAO:0000115	
WARN	missing_definition	African Dwarf	IAO:0000115	
WARN	missing_definition	German Improved	IAO:0000115	
WARN	missing_definition	Kenana	IAO:0000115	
WARN	missing_definition	Butana	IAO:0000115	
WARN	missing_definition	Western (Sudanese)	IAO:0000115	
WARN	missing_definition	White leghorn	IAO:0000115	
WARN	missing_definition	German Boxer	IAO:0000115	
WARN	missing_definition	Romney Marsh (Kent)	IAO:0000115	
WARN	missing_definition	Cotswold	IAO:0000115	
WARN	missing_definition	Black and White Polish Lowland	IAO:0000115	
WARN	missing_definition	Shih-Tzu	IAO:0000115	
WARN	missing_definition	Gold Coast Shorthorn	IAO:0000115	
WARN	missing_definition	Poznan	IAO:0000115	
WARN	missing_definition	Ardennes	IAO:0000115	
WARN	missing_definition	Fjord	IAO:0000115	
WARN	missing_definition	Polish Koniks	IAO:0000115	
WARN	missing_definition	Shiba	IAO:0000115	
WARN	missing_definition	German shepherd	IAO:0000115	
WARN	missing_definition	White and Blue Belgian	IAO:0000115	
WARN	missing_definition	Red Abyssinian	IAO:0000115	
WARN	missing_definition	Red Point Siamese	IAO:0000115	
WARN	missing_definition	Tonkanese	IAO:0000115	
WARN	missing_definition	Dorset Down	IAO:0000115	
WARN	missing_definition	Sykia Chalkidiki	IAO:0000115	
WARN	missing_definition	Aosta	IAO:0000115	
WARN	missing_definition	Saluki	IAO:0000115	
WARN	missing_definition	Shuwa Arab	IAO:0000115	
WARN	missing_definition	Muturu West African	IAO:0000115	
WARN	missing_definition	Boxer	IAO:0000115	
WARN	missing_definition	Rocky Mountain	IAO:0000115	
WARN	missing_definition	Dwarf Shorthorn	IAO:0000115	
WARN	missing_definition	Erminette	IAO:0000115	
WARN	missing_definition	Red Pied Flemish	IAO:0000115	
WARN	missing_definition	Norwegian Dunkerhound	IAO:0000115	
WARN	missing_definition	Keezhakkaraisal	IAO:0000115	
WARN	missing_definition	Black Spotted Swiss	IAO:0000115	
WARN	missing_definition	Karabas	IAO:0000115	
WARN	missing_definition	Bunaji	IAO:0000115	
WARN	missing_definition	Toyen	IAO:0000115	
WARN	missing_definition	Middle Black Masked	IAO:0000115	
WARN	missing_definition	Red Polish	IAO:0000115	
WARN	missing_definition	Small Red	IAO:0000115	
WARN	missing_definition	Small Black	IAO:0000115	
WARN	missing_definition	Kalmyk	IAO:0000115	
WARN	missing_definition	Muturu	IAO:0000115	
WARN	missing_definition	Shuwa	IAO:0000115	
WARN	missing_definition	Kedah Kelantan	IAO:0000115	
WARN	missing_definition	Sahelian	IAO:0000115	
WARN	missing_definition	Busa	IAO:0000115	
WARN	missing_definition	Pomurslo	IAO:0000115	
WARN	missing_definition	Pramenka	IAO:0000115	
WARN	missing_definition	Red Danish	IAO:0000115	
WARN	missing_definition	Solcava	IAO:0000115	
WARN	missing_definition	Carthusian	IAO:0000115	
WARN	missing_definition	British Shorthair	IAO:0000115	
WARN	missing_definition	White Holland	IAO:0000115	
WARN	missing_definition	Hampshire Down	IAO:0000115	
WARN	missing_definition	Landseer Newfoundland	IAO:0000115	
WARN	missing_definition	Rhoenschaf	IAO:0000115	
WARN	missing_definition	Schwarzkoepfiges Fleischschaf	IAO:0000115	
WARN	missing_definition	Skudde	IAO:0000115	
WARN	missing_definition	Holstein Friesian	IAO:0000115	
WARN	missing_definition	Middle Yorkshire	IAO:0000115	
WARN	missing_definition	Brindled Czech	IAO:0000115	
WARN	missing_definition	Large White Czech	IAO:0000115	
WARN	missing_definition	Kholmogor	IAO:0000115	
WARN	missing_definition	Tukidale	IAO:0000115	
WARN	missing_definition	Wurttemberg Brown	IAO:0000115	
WARN	missing_definition	Bukedi	IAO:0000115	
WARN	missing_definition	Shorthorn Zebu	IAO:0000115	
WARN	missing_definition	Yellow hill	IAO:0000115	
WARN	missing_definition	Landrace	IAO:0000115	
WARN	missing_definition	English Mastiff	IAO:0000115	
WARN	missing_definition	Welsh Wolfhound	IAO:0000115	
WARN	missing_definition	Toy Terrier	IAO:0000115	
WARN	missing_definition	Soay	IAO:0000115	
WARN	missing_definition	Bouvier	IAO:0000115	
WARN	missing_definition	Ridgeback	IAO:0000115	
WARN	missing_definition	Grey Steppe	IAO:0000115	
WARN	missing_definition	Rambouillet	IAO:0000115	
WARN	missing_definition	 Rambouillet	IAO:0000115	
WARN	missing_definition	Labrador Retriever	IAO:0000115	
WARN	missing_definition	Ovis aries	IAO:0000115	
WARN	missing_definition	cow	IAO:0000115	
WARN	missing_definition	cattle	IAO:0000115	
WARN	missing_definition	Piemontese	IAO:0000115	
WARN	missing_definition	Holstein-Friesian	IAO:0000115	
WARN	missing_definition	Indian Holstein	IAO:0000115	
WARN	missing_definition	Polish Holstein-Friesian cattle	IAO:0000115	
WARN	missing_definition	Bichon Frise	IAO:0000115	
WARN	missing_definition	Papillon	IAO:0000115	
WARN	missing_definition	Shorthorn	IAO:0000115	
WARN	missing_definition	Finnish Lapphund	IAO:0000115	
WARN	missing_definition	Burmilla	IAO:0000115	
WARN	missing_definition	Irish Red and White Setter	IAO:0000115	
WARN	missing_definition	Navasota (mixed breed)	IAO:0000115	
WARN	missing_definition	American cocker spaniel	IAO:0000115	
WARN	missing_definition	American Staffordshire terrier	IAO:0000115	
WARN	missing_definition	American pit bull terrier	IAO:0000115	
WARN	missing_definition	Brussels griffon	IAO:0000115	
WARN	missing_definition	French bull terrier	IAO:0000115	
WARN	missing_definition	French bull dog	IAO:0000115	
WARN	missing_definition	Saanen	IAO:0000115	
WARN	missing_definition	Podenco dog	IAO:0000115	
WARN	missing_definition	wheaten terrier	IAO:0000115	
WARN	missing_definition	Hungarian komondor	IAO:0000115	
WARN	missing_definition	Toy Fox Terrier	IAO:0000115	
WARN	missing_definition	Rat Terrier	IAO:0000115	
WARN	missing_definition	Tenterfield Terrier	IAO:0000115	
WARN	missing_definition	Spanish water dog	IAO:0000115	
WARN	missing_definition	Domestic Longhair	IAO:0000115	
WARN	missing_definition	Maine Coon	IAO:0000115	
WARN	missing_definition	Curly-coated retriever	IAO:0000115	
WARN	missing_definition	Alpine	IAO:0000115	
WARN	missing_definition	Lagotto Romagnolo	IAO:0000115	
WARN	missing_definition	Mastiff	IAO:0000115	
WARN	missing_definition	Mexican Hairless Dog (Xoloitzcuintli)	IAO:0000115	
WARN	missing_definition	Peruvian Hairless Dog (Inca Hairless)	IAO:0000115	
WARN	missing_definition	Chinese Crested Dog	IAO:0000115	
WARN	missing_definition	Whippet	IAO:0000115	
WARN	missing_definition	Pekingese	IAO:0000115	
WARN	missing_definition	Grand Basset Griffon Vendeen	IAO:0000115	
WARN	missing_definition	Ragdoll	IAO:0000115	
WARN	missing_definition	Dahe	IAO:0000115	
WARN	missing_definition	Afrikander	IAO:0000115	
WARN	missing_definition	Kele	IAO:0000115	
WARN	missing_definition	Chinese-Tibetan	IAO:0000115	
WARN	missing_definition	Old Danish Pointing Dog	IAO:0000115	
WARN	missing_definition	Clumber Spaniel	IAO:0000115	
WARN	missing_definition	Sussex Spaniel	IAO:0000115	
WARN	missing_definition	Frisian Water Dog	IAO:0000115	
WARN	missing_definition	Trait Breton	IAO:0000115	
WARN	missing_definition	Trait Comtois	IAO:0000115	
WARN	missing_definition	Lancashire heeler	IAO:0000115	
WARN	missing_definition	Nova Scotia Duck Tolling retriever	IAO:0000115	
WARN	missing_definition	Miniature Schnauzer	IAO:0000115	
WARN	missing_definition	Collie	IAO:0000115	
WARN	missing_definition	Portugese water dog	IAO:0000115	
WARN	missing_definition	Alaskan Husky	IAO:0000115	
WARN	missing_definition	Corgi	IAO:0000115	
WARN	missing_definition	Wirehaired Griffon	IAO:0000115	
WARN	missing_definition	Chesapeake Bay Retriever	IAO:0000115	
WARN	missing_definition	American Eskimo dog	IAO:0000115	
WARN	missing_definition	American Bulldog	IAO:0000115	
WARN	missing_definition	Siamese	IAO:0000115	
WARN	missing_definition	Siamese	IAO:0000115	
WARN	missing_definition	Collie 	IAO:0000115	
WARN	missing_definition	Sardi	IAO:0000115	
WARN	missing_definition	McNab shepherd	IAO:0000115	
WARN	missing_definition	Longhaired whippet	IAO:0000115	
WARN	missing_definition	Silken windhound	IAO:0000115	
WARN	missing_definition	White Swiss shepherd	IAO:0000115	
WARN	missing_definition	Waller	IAO:0000115	
WARN	missing_definition	Mixed breed	IAO:0000115	
WARN	missing_definition	Coton de Tulear	IAO:0000115	
WARN	missing_definition	Lapponian Herder 	IAO:0000115	
WARN	missing_definition	Great Pyrenees	IAO:0000115	
WARN	missing_definition	Italian Cane Corso	IAO:0000115	
WARN	missing_definition	Beni Guil	IAO:0000115	
WARN	missing_definition	Dogue de Bordeaux	IAO:0000115	
WARN	missing_definition	Mixed breed	IAO:0000115	
WARN	missing_definition	Cornish Rex	IAO:0000115	
WARN	missing_definition	Malinois	IAO:0000115	
WARN	missing_definition	Sphynx	IAO:0000115	
WARN	missing_definition	Embrapa	IAO:0000115	
WARN	missing_definition	Icelandic	IAO:0000115	
WARN	missing_definition	Muscovy	IAO:0000115	
WARN	missing_definition	Araucana	IAO:0000115	
WARN	missing_definition	Sloughi	IAO:0000115	
WARN	missing_definition	D'man	IAO:0000115	
WARN	missing_definition	Australian stumpy tail cattle dog	IAO:0000115	
WARN	missing_definition	Entlebucher mountain dog	IAO:0000115	
WARN	missing_definition	Karelian bear dog	IAO:0000115	
WARN	missing_definition	Kuvasz	IAO:0000115	
WARN	missing_definition	Swedish Lapphund	IAO:0000115	
WARN	missing_definition	Mongrel	IAO:0000115	
WARN	missing_definition	Schapendoes	IAO:0000115	
WARN	missing_definition	Silky/Silkie	IAO:0000115	
WARN	missing_definition	Tibetan spaniel	IAO:0000115	
WARN	missing_definition	Miniature Long-haired Dachsund	IAO:0000115	
WARN	missing_definition	Doberman Pinscher	IAO:0000115	
WARN	missing_definition	Finnish Yorkshire	IAO:0000115	
WARN	missing_definition	Glen of Imaal	IAO:0000115	
WARN	missing_definition	Standard wire-haired dachshund	IAO:0000115	
WARN	missing_definition	Miniature Australian shepherd	IAO:0000115	
WARN	missing_definition	Smooth Collie	IAO:0000115	
WARN	missing_definition	Perro de Presa Canario	IAO:0000115	
WARN	missing_definition	German pointer	IAO:0000115	
WARN	missing_definition	American saddleback	IAO:0000115	
WARN	missing_definition	American Saddlebred	IAO:0000115	
WARN	missing_definition	German Blackface	IAO:0000115	
WARN	missing_definition	Beagle	IAO:0000115	
WARN	missing_definition	German Fleckvieh	IAO:0000115	
WARN	missing_definition	Norfolk terrier	IAO:0000115	
WARN	missing_definition	German Rex	IAO:0000115	
WARN	missing_definition	Belted Galloway	IAO:0000115	
WARN	missing_definition	Kentucky Mountain Saddle	IAO:0000115	
WARN	missing_definition	Franches-Montagnes	IAO:0000115	
WARN	missing_definition	Murrah	IAO:0000115	
WARN	missing_definition	Rotes H̦henvieh	IAO:0000115	
WARN	missing_definition	Wachtelhund	IAO:0000115	
WARN	missing_definition	Finnish Hound	IAO:0000115	
WARN	missing_definition	Holstein	IAO:0000115	
WARN	missing_definition	Dongxiang	IAO:0000115	
WARN	missing_definition	Rongchang	IAO:0000115	
WARN	missing_definition	Ayam Cemani	IAO:0000115	
WARN	missing_definition	Black H'Mong	IAO:0000115	
WARN	missing_definition	Svarth̦na (ohusl�_n-Dals Svarth̦na)	IAO:0000115	
WARN	missing_definition	Korat	IAO:0000115	
WARN	missing_definition	Japanese domestic	IAO:0000115	
WARN	missing_definition	Jacob	IAO:0000115	
WARN	missing_definition	Paso Fino	IAO:0000115	
WARN	missing_definition	Irish Cambridge	IAO:0000115	
WARN	missing_definition	Guernsey	IAO:0000115	
WARN	missing_definition	Brazilian Terrier	IAO:0000115	
WARN	missing_definition	Selkirk Rex	IAO:0000115	
WARN	missing_definition	Lusitano	IAO:0000115	
WARN	missing_definition	German Wirehaired Pointer	IAO:0000115	
WARN	missing_definition	Wessex Saddleback	IAO:0000115	
WARN	missing_definition	Bavarian Landschwein	IAO:0000115	
WARN	missing_definition	crested Polish	IAO:0000115	
WARN	missing_definition	Swiss Alpine	IAO:0000115	
WARN	missing_definition	Cameroon	IAO:0000115	
WARN	missing_definition	Greater Swiss Mountain	IAO:0000115	
WARN	missing_definition	Black Pied	IAO:0000115	
WARN	missing_definition	Dutch Kooiker	IAO:0000115	
WARN	missing_definition	Alaskan sled dog	IAO:0000115	
WARN	missing_definition	Olkuska	IAO:0000115	
WARN	missing_definition	Rasa Aragonesa	IAO:0000115	
WARN	missing_definition	Belclare	IAO:0000115	
WARN	missing_definition	Japanese Chin dog	IAO:0000115	
WARN	missing_definition	Parson Russell Terrier	IAO:0000115	
WARN	missing_definition	Don Sphynx	IAO:0000115	
WARN	missing_definition	Churra	IAO:0000115	
WARN	missing_definition	Samoyed	IAO:0000115	
WARN	missing_definition	Swedish Landrace	IAO:0000115	
WARN	missing_definition	Borderdale	IAO:0000115	
WARN	missing_definition	Dandie Dinmont Terrier	IAO:0000115	
WARN	missing_definition	American Bobtail	IAO:0000115	
WARN	missing_definition	Pixie-Bob	IAO:0000115	
WARN	missing_definition	Mapuche	IAO:0000115	
WARN	missing_definition	Lushi	IAO:0000115	
WARN	missing_definition	Cream Legbar	IAO:0000115	
WARN	missing_definition	Crevecoeur	IAO:0000115	
WARN	missing_definition	Landseer	IAO:0000115	
WARN	missing_definition	Sebright Bantam	IAO:0000115	
WARN	missing_definition	Blue Point Siamese	IAO:0000115	
WARN	missing_definition	Scottish Deerhound	IAO:0000115	
WARN	missing_definition	Datong	IAO:0000115	
WARN	missing_definition	Shiba-Inu	IAO:0000115	
WARN	missing_definition	Finnish Spitz	IAO:0000115	
WARN	missing_definition	Lacaune	IAO:0000115	
WARN	missing_definition	Northern Finncattle	IAO:0000115	
WARN	missing_definition	Draft	IAO:0000115	
WARN	missing_definition	Norwich Terrier	IAO:0000115	
WARN	missing_definition	Connemara pony	IAO:0000115	
WARN	missing_definition	Kankrej	IAO:0000115	
WARN	missing_definition	Maltese Blue	IAO:0000115	
WARN	missing_definition	Catahoula leopard dogs	IAO:0000115	
WARN	missing_definition	Nordic Red	IAO:0000115	
WARN	missing_definition	Cabugi	IAO:0000115	
WARN	missing_definition	Zamorano-Leon̩s	IAO:0000115	
WARN	missing_definition	Minohiki	IAO:0000115	
WARN	missing_definition	Nordic Holstein	IAO:0000115	
WARN	missing_definition	Leonberger	IAO:0000115	
WARN	missing_definition	Checkered Giant	IAO:0000115	
WARN	missing_definition	Carora	IAO:0000115	
WARN	missing_definition	Senepol	IAO:0000115	
WARN	missing_definition	Romosinuano	IAO:0000115	
WARN	missing_definition	Kromfohrl�_nder	IAO:0000115	
WARN	missing_definition	Silky fantail	IAO:0000115	
WARN	missing_definition	Finnish Ayrshire	IAO:0000115	
WARN	missing_definition	Valais Blacknecked Goat	IAO:0000115	
WARN	missing_definition	Japanese Spitz	IAO:0000115	
WARN	missing_definition	Eurasier	IAO:0000115	
WARN	missing_definition	Birman	IAO:0000115	
WARN	missing_definition	Shaziling	IAO:0000115	
WARN	missing_definition	Boerboel	IAO:0000115	
WARN	missing_definition	Duroc	IAO:0000115	
WARN	missing_definition	Flat-coated retriever	IAO:0000115	
WARN	missing_definition	German Riding Pony	IAO:0000115	
WARN	missing_definition	New Forest Pony	IAO:0000115	
WARN	missing_definition	Black Russian Terrier	IAO:0000115	
WARN	missing_definition	Pezzata Rossa	IAO:0000115	
WARN	missing_definition	Liangshan	IAO:0000115	
WARN	missing_definition	Basset Fauve de Bretagne	IAO:0000115	
WARN	missing_definition	Warmblood	IAO:0000115	
WARN	missing_definition	Damara	IAO:0000115	
WARN	missing_definition	Navajo-Churro	IAO:0000115	
WARN	missing_definition	White	IAO:0000115	
WARN	missing_definition	Swedish Red	IAO:0000115	
WARN	missing_definition	Miniature Highland	IAO:0000115	
WARN	missing_definition	Italian draft horse	IAO:0000115	
WARN	missing_definition	Toyger	IAO:0000115	
WARN	missing_definition	Italian hound	IAO:0000115	
WARN	missing_definition	American Foxhound	IAO:0000115	
WARN	missing_definition	Poitou	IAO:0000115	
WARN	missing_definition	American Paint Horse	IAO:0000115	
WARN	missing_definition	French Spaniel	IAO:0000115	
WARN	missing_definition	Alpenl�_ndische Dachsbracke	IAO:0000115	
WARN	missing_definition	Polled Hereford	IAO:0000115	
WARN	missing_definition	Smooth-Haired Fox Terrier	IAO:0000115	
WARN	missing_definition	Russell Terrier	IAO:0000115	
WARN	missing_definition	Gordon Setter	IAO:0000115	
WARN	missing_definition	Alaskan Klee Kai	IAO:0000115	
WARN	missing_definition	Akhal-Teke	IAO:0000115	
WARN	missing_definition	Italian Spinone	IAO:0000115	
WARN	missing_definition	Haflinger	IAO:0000115	
WARN	missing_definition	Shar-Pei	IAO:0000115	
WARN	missing_definition	Tunisian Barbarine	IAO:0000115	
WARN	missing_definition	Hungarian Puli	IAO:0000115	
WARN	missing_definition	Maine Anjou	IAO:0000115	
WARN	missing_definition	Central Asian Shepherd	IAO:0000115	
WARN	missing_definition	Heideterrier	IAO:0000115	
WARN	missing_definition	Red Holstein Friesian	IAO:0000115	
WARN	missing_definition	Miniature Shetland	IAO:0000115	
WARN	missing_definition	Miniature Wirehaired Dachshund	IAO:0000115	
WARN	missing_definition	Welsh springer spaniel	IAO:0000115	
WARN	missing_definition	Sphinx	IAO:0000115	
WARN	missing_definition	Romane	IAO:0000115	
WARN	missing_definition	Menorca	IAO:0000115	
WARN	missing_definition	Anyi tile-like gray	IAO:0000115	
WARN	missing_definition	Blonde d'Aquitaine	IAO:0000115	
WARN	missing_definition	Swedish Vallhund	IAO:0000115	
WARN	missing_definition	Beijing fatty	IAO:0000115	
WARN	missing_definition	Muchuan	IAO:0000115	
WARN	missing_definition	German Spitz	IAO:0000115	
WARN	missing_definition	Numerous breeds	IAO:0000115	
WARN	missing_definition	Mongolian	IAO:0000115	
WARN	missing_definition	Curly	IAO:0000115	
WARN	missing_definition	White Dorper	IAO:0000115	
WARN	missing_definition	Australian Working Kelpie	IAO:0000115	
WARN	missing_definition	Italian Trotter	IAO:0000115	
WARN	missing_definition	N'Dama	IAO:0000115	
WARN	missing_definition	Welsh Corgi	IAO:0000115	
WARN	missing_definition	Akita	IAO:0000115	
WARN	missing_definition	Norwegian Forest	IAO:0000115	
WARN	missing_definition	Somali	IAO:0000115	
WARN	missing_definition	Chinese Erhualian	IAO:0000115	
WARN	missing_definition	Gasconne	IAO:0000115	
WARN	missing_definition	Parthenaise	IAO:0000115	
WARN	missing_definition	Dutch Landrace	IAO:0000115	
WARN	missing_definition	Quv (quiver) strain	IAO:0000115	
WARN	missing_definition	Boran	IAO:0000115	
WARN	missing_definition	Valle del Belice	IAO:0000115	
WARN	missing_definition	Norwegian White	IAO:0000115	
WARN	missing_definition	UC Davis lines	IAO:0000115	
WARN	missing_definition	Storrs, Connecticut (low line)	IAO:0000115	
WARN	missing_definition	Israeli experimental line	IAO:0000115	
WARN	missing_definition	New Hampshire	IAO:0000115	
WARN	missing_definition	Alaska	IAO:0000115	
WARN	missing_definition	Swamp	IAO:0000115	
WARN	missing_definition	Friesian	IAO:0000115	
WARN	missing_definition	American hairless	IAO:0000115	
WARN	missing_definition	has component activity	IAO:0000115	
WARN	missing_definition	directly regulated by	IAO:0000115	
WARN	missing_definition	ends after	IAO:0000115	
WARN	missing_definition	immediately preceded by	IAO:0000115	
WARN	missing_definition	immediately precedes	IAO:0000115	
WARN	missing_definition	temporally related to	IAO:0000115	
WARN	missing_definition	causally upstream of, positive effect	IAO:0000115	
WARN	missing_definition	causally upstream of, negative effect	IAO:0000115	
WARN	missing_definition	enables	IAO:0000115	
WARN	missing_definition	immediately causally downstream of	IAO:0000115	
WARN	missing_definition	phosphorylates	IAO:0000115	
WARN	missing_definition	causal relation between entities	IAO:0000115	
WARN	missing_definition	causally influenced by	IAO:0000115	
WARN	missing_definition	acts upstream of or within, positive effect	IAO:0000115	
WARN	missing_definition	acts upstream of or within, negative effect	IAO:0000115	
WARN	missing_definition	causally upstream of or within, negative effect	IAO:0000115	
WARN	missing_definition	causally upstream of or within, positive effect	IAO:0000115	
INFO	lowercase_definition	part of	IAO:0000115	a core relation that holds between a part and its whole@en
INFO	lowercase_definition	has part	IAO:0000115	a core relation that holds between a whole and its part@en
INFO	lowercase_definition	preceded by	IAO:0000115	<x is preceded by y if and only if the time point at which y ends is before or equivalent to the time point at which x starts. Formally: x preceded by y iff ω(y) <= α(x), where α is a function that maps a process to a start point, and ω is a function that maps a process to an end point.@en>
INFO	lowercase_definition	precedes	IAO:0000115	<x precedes y if and only if the time point at which x ends is before or equivalent to the time point at which y starts. Formally: x precedes y iff ω(x) <= α(y), where α is a function that maps a process to a start point, and ω is a function that maps a process to an end point.@en>
INFO	lowercase_definition	occurs in	IAO:0000115	b occurs_in c =def b is a process and c is a material entity or immaterial entity& there exists a spatiotemporal region r and b occupies_spatiotemporal_region r.& forall(t) if b exists_at t then c exists_at t & there exist spatial regions s and s’ where & b spatially_projects_onto s at t& c is occupies_spatial_region s’ at t& s is a proper_continuant_part_of s’ at t@en
INFO	lowercase_definition	contains process	IAO:0000115	[copied from inverse property 'occurs in'] b occurs_in c =def b is a process and c is a material entity or immaterial entity& there exists a spatiotemporal region r and b occupies_spatiotemporal_region r.& forall(t) if b exists_at t then c exists_at t & there exist spatial regions s and s’ where & b spatially_projects_onto s at t& c is occupies_spatial_region s’ at t& s is a proper_continuant_part_of s’ at t@en
INFO	lowercase_definition	participates in	IAO:0000115	a relation between a continuant and a process, in which the continuant is somehow involved in the process@en
INFO	lowercase_definition	has participant	IAO:0000115	a relation between a process and a continuant, in which the continuant is somehow involved in the process@en
INFO	lowercase_definition	has component process	IAO:0000115	w 'has process component' p if p and w are processes,  w 'has part' p and w is such that it can be directly disassembled into into n parts p, p2, p3, ..., pn, where these parts are of similar type.
INFO	lowercase_definition	overlaps	IAO:0000115	x overlaps y if and only if there exists some z such that x has part z and z part of y
INFO	lowercase_definition	in taxon	IAO:0000115	<x is in taxon y if an only if y is an organism, and the relationship between x and y is one of: part of (reflexive), developmentally preceded by, derives from, secreted by, expressed.>
INFO	lowercase_definition	has component	IAO:0000115	w 'has component' p if w 'has part' p and w is such that it can be directly disassembled into into n parts p, p2, p3, ..., pn, where these parts are of similar type.
INFO	lowercase_definition	develops from	IAO:0000115	x develops from y if and only if either (a) x directly develops from y or (b) there exists some z such that x directly develops from z and z develops from y
INFO	lowercase_definition	develops into	IAO:0000115	inverse of develops from
INFO	lowercase_definition	regulates	IAO:0000115	<process(P1) regulates process(P2) iff: P1 results in the initiation or termination of P2 OR affects the frequency of its initiation or termination OR affects the magnitude or rate of output of P2.>
INFO	lowercase_definition	capable of part of	IAO:0000115	c stands in this relationship to p if and only if there exists some p' such that c is capable_of p', and p' is part_of p.
INFO	lowercase_definition	has input	IAO:0000115	<p has input c iff: p is a process, c is a material entity, c is a participant in p, c is present at the start of p, and the state of c is modified during p.>
INFO	lowercase_definition	has developmental contribution from	IAO:0000115	x has developmental contribution from y iff x has some part z such that z develops from y@en
INFO	lowercase_definition	developmentally contributes to	IAO:0000115	inverse of has developmental contribution from
INFO	lowercase_definition	acts upstream of	IAO:0000115	c acts upstream of p if and only if c enables some f that is involved in p' and p' occurs chronologically before p, is not part of p, and affects the execution of p. c is a material entity and f, p, p' are processes.
INFO	lowercase_definition	acts upstream of or within	IAO:0000115	c acts upstream of or within p if c is enables f, and f is causally upstream of or within p. c is a material entity and p is an process.
INFO	lowercase_definition	involved in	IAO:0000115	c involved_in p if and only if c enables some process p', and p' is part of p
INFO	lowercase_definition	enabled by	IAO:0000115	inverse of enables
INFO	lowercase_definition	regulated by	IAO:0000115	inverse of regulates
INFO	lowercase_definition	negatively regulated by	IAO:0000115	inverse of negatively regulates
INFO	lowercase_definition	positively regulated by	IAO:0000115	inverse of positively regulates
INFO	lowercase_definition	input of	IAO:0000115	inverse of has input
INFO	lowercase_definition	has developmental potential involving	IAO:0000115	x has developmental potential involving y iff x is capable of a developmental process with output y. y may be the successor of x, or may be a different structure in the vicinity (as for example in the case of developmental induction).@en
INFO	lowercase_definition	has potential to developmentally contribute to	IAO:0000115	x has potential to developmentrally contribute to y iff x developmentally contributes to y or x is capable of developmentally contributing to y@en
INFO	lowercase_definition	has potential to develop into	IAO:0000115	x has the potential to develop into y iff x develops into y or if x is capable of developing into y@en
INFO	lowercase_definition	has potential to directly develop into	IAO:0000115	x has potential to directly develop into y iff x directly develops into y or x is capable of directly developing into y@en
INFO	lowercase_definition	causally downstream of	IAO:0000115	inverse of upstream of
INFO	lowercase_definition	causally upstream of	IAO:0000115	p is causally upstream of q if and only if p precedes q and p and q are linked in a causal chain
INFO	lowercase_definition	immediately causally upstream of	IAO:0000115	p is immediately causally upstream of q iff both (a) p immediately precedes q and (b) p is causally upstream of q. In addition, the output of p  must be an input of q.
INFO	lowercase_definition	causally upstream of or within	IAO:0000115	p 'causally upstream or within' q iff (1) the end of p is before the end of q and (2) the execution of p exerts some causal influence over the outputs of q; i.e. if p was abolished or the outputs of p were to be modified, this would necessarily affect q.
INFO	lowercase_definition	causally downstream of or within	IAO:0000115	inverse of causally upstream of or within
INFO	lowercase_definition	involved in regulation of	IAO:0000115	c involved in regulation of p if c is involved in some p' and p' regulates some p
INFO	lowercase_definition	involved in positive regulation of	IAO:0000115	c involved in regulation of p if c is involved in some p' and p' positively regulates some p
INFO	lowercase_definition	involved in negative regulation of	IAO:0000115	c involved in regulation of p if c is involved in some p' and p' negatively regulates some p
INFO	lowercase_definition	involved in or involved in regulation of	IAO:0000115	c involved in or regulates p if and only if either (i) c is involved in p or (ii) c is involved in regulation of p
INFO	lowercase_definition	is active in	IAO:0000115	c executes activity in d if and only if c enables p and p occurs_in d.  Assuming no action at a distance by gene products, if a gene product enables (is capable of) a process that occurs in some structure, it must have at least some part in that structure.
INFO	lowercase_definition	has part that occurs in	IAO:0000115	p has part that occurs in c if and only if there exists some p1, such that p has_part p1, and p1 occurs in c.
INFO	lowercase_definition	causal relation between processes	IAO:0000115	p is causally related to q if and only if p or any part of p and q or any part of q are linked by a chain of events where each event pair is one of direct activation or direct inhibition. p may be upstream, downstream, part of or a container of q.
INFO	lowercase_definition	has part structure that is capable of	IAO:0000115	s 'has part structure that is capable of' p if and only if there exists some part x such that s 'has part' x and x 'capable of' p
INFO	lowercase_definition	acts upstream of, positive effect	IAO:0000115	c 'acts upstream of, positive effect' p if c is enables f, and f is causally upstream of p, and the direction of f is positive
INFO	lowercase_definition	acts upstream of, negative effect	IAO:0000115	c 'acts upstream of, negative effect' p if c is enables f, and f is causally upstream of p, and the direction of f is negative
INFO	missing_superclass	NCBITaxon:10042	rdfs:subClassOf	
INFO	missing_superclass	NCBITaxon:10152	rdfs:subClassOf	
INFO	missing_superclass	NCBITaxon:30521	rdfs:subClassOf	
INFO	missing_superclass	NCBITaxon:37174	rdfs:subClassOf	
INFO	missing_superclass	NCBITaxon:8835	rdfs:subClassOf	
INFO	missing_superclass	NCBITaxon:8839	rdfs:subClassOf	
INFO	missing_superclass	NCBITaxon:8843	rdfs:subClassOf	
INFO	missing_superclass	NCBITaxon:8848	rdfs:subClassOf	
INFO	missing_superclass	NCBITaxon:8932	rdfs:subClassOf	
INFO	missing_superclass	NCBITaxon:89462	rdfs:subClassOf	
INFO	missing_superclass	NCBITaxon:9031	rdfs:subClassOf	
INFO	missing_superclass	NCBITaxon:9091	rdfs:subClassOf	
INFO	missing_superclass	NCBITaxon:9103	rdfs:subClassOf	
INFO	missing_superclass	NCBITaxon:9615	rdfs:subClassOf	
INFO	missing_superclass	NCBITaxon:9685	rdfs:subClassOf	
INFO	missing_superclass	NCBITaxon:9793	rdfs:subClassOf	
INFO	missing_superclass	NCBITaxon:9796	rdfs:subClassOf	
INFO	missing_superclass	NCBITaxon:9823	rdfs:subClassOf	
INFO	missing_superclass	NCBITaxon:9913	rdfs:subClassOf	
INFO	missing_superclass	NCBITaxon:9915	rdfs:subClassOf	
INFO	missing_superclass	NCBITaxon:9925	rdfs:subClassOf	
INFO	missing_superclass	NCBITaxon:9939	rdfs:subClassOf	
INFO	missing_superclass	NCBITaxon:9940	rdfs:subClassOf	
INFO	missing_superclass	NCBITaxon:9986	rdfs:subClassOf	
INFO	missing_superclass	root node	rdfs:subClassOf	
