taxon	defined_class	defined_class_label	lbo_id	venom_code	fci_id
NCBITaxon:9685	OMIA:1103	Kurilian Bobtail		15290	15291
NCBITaxon:9615	OMIA:813	White Swiss shepherd		14810	347
NCBITaxon:9615	OMIA:1018	Thai Ridgeback		14635	338
NCBITaxon:9615	OMIA:776	Spanish water dog		15120	336
NCBITaxon:9615	OMIA:844	Smooth Collie		13881	296
NCBITaxon:9615	OMIA:1101	Spanish greyhound		14072	285
NCBITaxon:9615	OMIA:14	Siberian Husky		14275	270
NCBITaxon:9615	OMIA:454	Siberian Huskie		14275	270
NCBITaxon:9615	OMIA:577	Sydney Silky		15080	236
NCBITaxon:9615	OMIA:838	Tibetan spaniel		14887	231
NCBITaxon:9615	OMIA:650	Tibetan Mastiff		14432	230
NCBITaxon:9615	OMIA:795	Frisian Water Dog		14874	221
NCBITaxon:9615	OMIA:384	Tibetan Terrier		15083	209
NCBITaxon:9615	OMIA:829	Sloughi			188
NCBITaxon:9615	OMIA:215	Wirehaired Fox Terrier		15003	169
NCBITaxon:9615	OMIA:785	Whippet		15127	162
NCBITaxon:9615	OMIA:617	Swedish Lapland		14360	135
NCBITaxon:9615	OMIA:834	Swedish Lapphund		14360	135
NCBITaxon:9615	OMIA:794	Sussex Spaniel		14886	127
NCBITaxon:9615	OMIA:965	Welsh springer spaniel		14885	126
NCBITaxon:9615	OMIA:858	Wachtelhund		13965	104
NCBITaxon:9615	OMIA:328	Yorkshire Terrier		15087	86
NCBITaxon:9615	OMIA:380	Yorkshire terrier		15087	86
NCBITaxon:9615	OMIA:178	West Highland White Terrier		15086	85
NCBITaxon:9615	OMIA:29	West Highland White terrier		15086	85
NCBITaxon:9615	OMIA:2	Staffordshire Bull Terrier		15076	76
NCBITaxon:9615	OMIA:576	Skye Terrier		15074	75
NCBITaxon:9615	OMIA:771	wheaten terrier		15075	40
NCBITaxon:9615	OMIA:970	Swedish Vallhund		13841	14
NCBITaxon:9796	OMIA:1012	Welsh Pony	LBO:0000919	79279	
NCBITaxon:9796	OMIA:937	Warmblood		79277	
NCBITaxon:9796	OMIA:1004	Trakehner	LBO:0000913	79273	
NCBITaxon:9796	OMIA:113	Thoroughbred	LBO:0000910	79269	
NCBITaxon:9796	OMIA:1125	Tennessee Walking Horse	LBO:0000907	79265	
NCBITaxon:9796	OMIA:1016	Swiss Warmblood	LBO:0000932	79263	
NCBITaxon:9796	OMIA:132	Standardbred	LBO:0000900	79257	
NCBITaxon:9796	OMIA:110	Shetland Pony	LBO:0000890	79246	
NCBITaxon:9796	OMIA:293	Shetland	LBO:0000890	79246	
NCBITaxon:9796	OMIA:133	Quarter	LBO:0000878	79232	
NCBITaxon:9796	OMIA:16	Quarter Horse	LBO:0000878	79232	
NCBITaxon:9796	OMIA:1044	Pinto Horse	LBO:0000870	79226	
NCBITaxon:9796	OMIA:135	Percheron	LBO:0000865	79224	
NCBITaxon:9796	OMIA:868	Paso Fino	LBO:0000864	79222	
NCBITaxon:9796	OMIA:409	Palomino	LBO:0000862	79220	
NCBITaxon:9796	OMIA:436	Oldenburg	LBO:0000859	79214	
NCBITaxon:9796	OMIA:572	Oldenberg	LBO:0000859	79214	
NCBITaxon:9615	OMIA:296	Newfoundland		79208	
NCBITaxon:9796	OMIA:932	New Forest Pony	LBO:0000848	79204	
NCBITaxon:9796	OMIA:1005	Morgan	LBO:0000843	79196	
NCBITaxon:9796	OMIA:963	Miniature Shetland		79192	
NCBITaxon:9796	OMIA:1023	Miniature Horse		79188	
NCBITaxon:9796	OMIA:872	Lusitano	LBO:0000830	79182	
NCBITaxon:9796	OMIA:1072	Lipizzan	LBO:0000827	79180	
NCBITaxon:9796	OMIA:688	Polish Koniks	LBO:0000871	79176	
NCBITaxon:9796	OMIA:1045	Knabstrupper	LBO:0000822	79174	
NCBITaxon:9796	OMIA:826	Icelandic	LBO:0000807	79160	
NCBITaxon:9796	OMIA:220	Holsteiner	LBO:0000804	79151	
NCBITaxon:9796	OMIA:956	Haflinger	LBO:0000799	79139	
NCBITaxon:9796	OMIA:931	German Riding Pony		79133	
NCBITaxon:9796	OMIA:998	Friesian	LBO:0000789	79129	
NCBITaxon:9796	OMIA:1042	Fell Pony	LBO:0000782	79119	
NCBITaxon:9796	OMIA:906	Draft		79109	
NCBITaxon:9796	OMIA:1043	Dales Pony	LBO:0000765	79103	
NCBITaxon:9796	OMIA:908	Connemara pony	LBO:0000762	79096	
NCBITaxon:9796	OMIA:136	Clydesdale	LBO:0000760	79090	
NCBITaxon:9796	OMIA:1047	British Spotted Pony		79077	
NCBITaxon:9796	OMIA:1082	Belgian draft horse		79063	
NCBITaxon:9796	OMIA:686	Ardennes	LBO:0000727	79051	
NCBITaxon:9796	OMIA:134	Arabian	LBO:0000726	79049	
NCBITaxon:9796	OMIA:589	Appaloosa	LBO:0000724	79047	
NCBITaxon:9796	OMIA:520	American Standardbred		79037	
NCBITaxon:9796	OMIA:848	American Saddlebred		79035	
NCBITaxon:9796	OMIA:427	American Quarter Horse		79033	
NCBITaxon:9796	OMIA:1006	American Miniature Horse		79031	
NCBITaxon:9796	OMIA:954	Akhal-Teke	LBO:0000715	79023	
NCBITaxon:9796	OMIA:687	Fjord	LBO:0000857	79019	
NCBITaxon:9615	OMIA:772	Hungarian komondor		22648	
NCBITaxon:9615	OMIA:706	Karabas		22639	
NCBITaxon:9615	OMIA:774	Rat Terrier		22634	
NCBITaxon:9615	OMIA:401	Australian Shepherd		22606	
NCBITaxon:9615	OMIA:1079	Miniature American Shepherd		22605	
NCBITaxon:9615	OMIA:517	Gos d'Atura		22603	
NCBITaxon:9615	OMIA:292	Irish Setter		22597	
NCBITaxon:9615	OMIA:453	Shar Planinetz		22591	
NCBITaxon:9615	OMIA:303	Brittany Spaniel		22569	
NCBITaxon:9615	OMIA:770	Podenco dog		22566	
NCBITaxon:9615	OMIA:1162	Australian Labradoodle		22542	
NCBITaxon:9615	OMIA:518	Sabueso Espanol		22527	
NCBITaxon:9615	OMIA:767	Brussels griffon		22521	
NCBITaxon:9615	OMIA:784	Chinese Crested Dog		22494	
NCBITaxon:9615	OMIA:814	Waller		22429	
NCBITaxon:9615	OMIA:1027	Saarloo		22425	
NCBITaxon:9615	OMIA:424	Miniature Pinscher		22419	
NCBITaxon:9615	OMIA:634	Vizsla		22417	
NCBITaxon:9615	OMIA:811	Longhaired whippet		22416	
NCBITaxon:9615	OMIA:817	Lapponian Herder 		22415	
NCBITaxon:9615	OMIA:1074	Irish soft-coated wheaten terrier		22414	
NCBITaxon:9615	OMIA:831	Entlebucher mountain dog		22410	
NCBITaxon:9615	OMIA:845	Perro de Presa Canario		22409	
NCBITaxon:9615	OMIA:820	Dogue de Bordeaux		19077	
NCBITaxon:9615	OMIA:1028	Czechoslovakian wolfdog		19071	
NCBITaxon:9615	OMIA:1132	Australian Terrier		19061	
NCBITaxon:9615	OMIA:38	Schnauzer		19049	
NCBITaxon:9615	OMIA:149	Saint Bernard		19047	
NCBITaxon:9615	OMIA:187	Poodle		19045	
NCBITaxon:9615	OMIA:516	Mastin Espanol		19039	
NCBITaxon:9685	OMIA:377	Persian		18760	
NCBITaxon:9986	OMIA:456	New Zealand White		18610	
NCBITaxon:9986	OMIA:1019	Netherland Dwarf		18609	
NCBITaxon:9986	OMIA:1021	Lionhead Dwarf		18584	
NCBITaxon:9986	OMIA:605	French		18557	
NCBITaxon:9986	OMIA:455	Flemish Giant		18552	
NCBITaxon:9986	OMIA:918	Checkered Giant		18489	
NCBITaxon:9986	OMIA:604	Beveren		18456	
NCBITaxon:9685	OMIA:37	Scottish Fold		18102	
NCBITaxon:9685	OMIA:1160	Munchkin		18098	
NCBITaxon:9685	OMIA:181	Manx		18096	
NCBITaxon:9685	OMIA:893	American Bobtail		18082	
NCBITaxon:9615	OMIA:598	Maltese		17461	
NCBITaxon:9685	OMIA:943	Toyger		15335	
NCBITaxon:9685	OMIA:693	Tonkanese		15334	
NCBITaxon:9685	OMIA:824	Sphynx		15333	
NCBITaxon:9685	OMIA:161	Siamese		15326	
NCBITaxon:9685	OMIA:807	Siamese		15326	
NCBITaxon:9685	OMIA:808	Siamese		15326	
NCBITaxon:9685	OMIA:871	Selkirk Rex		15322	
NCBITaxon:9685	OMIA:788	Ragdoll		15315	
NCBITaxon:9685	OMIA:894	Pixie-Bob		15313	
NCBITaxon:9685	OMIA:982	Norwegian Forest		15304	
NCBITaxon:9685	OMIA:91	Maltese Blue		15295	
NCBITaxon:9685	OMIA:778	Maine Coon		15294	
NCBITaxon:9685	OMIA:865	Korat		15289	
NCBITaxon:9685	OMIA:22	Himalayan		15285	
NCBITaxon:9685	OMIA:852	German Rex		15282	
NCBITaxon:9685	OMIA:888	Don Sphynx		15275	
NCBITaxon:9685	OMIA:461	Domestic shorthair		15273	
NCBITaxon:9685	OMIA:578	Domestic Shorthair		15273	
NCBITaxon:9685	OMIA:1156	Domestic medium-haired		15272	
NCBITaxon:9685	OMIA:777	Domestic Longhair		15271	
NCBITaxon:9685	OMIA:320	Devon Rex		15269	
NCBITaxon:9685	OMIA:822	Cornish Rex		15266	
NCBITaxon:9615	OMIA:373	Chincilla		15265	
NCBITaxon:9685	OMIA:761	Burmilla		15259	
NCBITaxon:9685	OMIA:201	Burmese		15258	
NCBITaxon:9685	OMIA:460	British shorthair		15257	
NCBITaxon:9685	OMIA:722	British Shorthair		15257	
NCBITaxon:9685	OMIA:927	Birman		15251	
NCBITaxon:9685	OMIA:28	Bengal		15250	
NCBITaxon:9685	OMIA:195	Abyssinian		15238	
NCBITaxon:9615	OMIA:657	Borzoi		15136	
NCBITaxon:9615	OMIA:669	Irish Wolfhound		15134	
NCBITaxon:9615	OMIA:402	Pembroke Welsh Corgi		15126	
NCBITaxon:9615	OMIA:21	Cardigan Welsh Corgi		15124	
NCBITaxon:9615	OMIA:20	Corgi		15123	
NCBITaxon:9615	OMIA:802	Corgi		15123	
NCBITaxon:9615	OMIA:980	Welsh Corgi		15123	
NCBITaxon:9615	OMIA:282	Weimaraner		15122	
NCBITaxon:9615	OMIA:780	Lagotto Romagnolo		15119	
NCBITaxon:9615	OMIA:800	Portugese water dog		15118	
NCBITaxon:9615	OMIA:959	Hungarian Puli		15117	
NCBITaxon:9615	OMIA:775	Tenterfield Terrier		15082	
NCBITaxon:9615	OMIA:765	American Staffordshire terrier		15079	
NCBITaxon:9615	OMIA:23	Soft Coated Wheaten Terrier		15075	
NCBITaxon:9615	OMIA:357	Silky Terrier		15073	
NCBITaxon:9615	OMIA:446	Sealyham Terrier		15071	
NCBITaxon:9615	OMIA:244	Scottish Terrier		15049	
NCBITaxon:9615	OMIA:951	Russell Terrier		15047	
NCBITaxon:9615	OMIA:887	Parson Russell Terrier		15044	
NCBITaxon:9615	OMIA:907	Norwich Terrier		15043	
NCBITaxon:9615	OMIA:851	Norfolk terrier		15042	
NCBITaxon:9615	OMIA:395	Manchester Terrier		15036	
NCBITaxon:9615	OMIA:416	Lakeland Terrier		15033	
NCBITaxon:9615	OMIA:313	Kerry Blue Terrier		15032	
NCBITaxon:9615	OMIA:546	Jack Russell Terrier		15009	
NCBITaxon:9615	OMIA:311	Irish Terrier		15008	
NCBITaxon:9615	OMIA:1026	Glen of Imaal Terrier		15005	
NCBITaxon:9615	OMIA:841	Glen of Imaal		15005	
NCBITaxon:9615	OMIA:1064	German Hunting Terrier		15004	
NCBITaxon:9615	OMIA:773	Toy Fox Terrier		15002	
NCBITaxon:9615	OMIA:950	Smooth-Haired Fox Terrier		15001	
NCBITaxon:9615	OMIA:298	Fox Terrier		14999	
NCBITaxon:9615	OMIA:892	Dandie Dinmont Terrier		14995	
NCBITaxon:9615	OMIA:251	Cairn Terrier		14993	
NCBITaxon:9615	OMIA:1067	Miniature Bull Terrier		14992	
NCBITaxon:9615	OMIA:32	Bull Terrier		14965	
NCBITaxon:9615	OMIA:870	Brazilian Terrier		14964	
NCBITaxon:9615	OMIA:563	Boston Terrier		14963	
NCBITaxon:9615	OMIA:933	Black Russian Terrier		14960	
NCBITaxon:9615	OMIA:214	Bedlington Terrier		14957	
NCBITaxon:9615	OMIA:766	American pit bull terrier		14952	
NCBITaxon:9615	OMIA:1096	American Hairless Terrier		14951	
NCBITaxon:9615	OMIA:276	Airedale Terrier		14929	
NCBITaxon:9615	OMIA:607	Terrier		14927	
NCBITaxon:9615	OMIA:925	Japanese Spitz		14918	
NCBITaxon:9615	OMIA:973	German Spitz		14913	
NCBITaxon:9615	OMIA:903	Finnish Spitz		14912	
NCBITaxon:9615	OMIA:468	English Springer Spaniel		14884	
NCBITaxon:9615	OMIA:397	Springer Spaniel		14883	
NCBITaxon:9615	OMIA:553	King Charles Spaniel		14880	
NCBITaxon:9615	OMIA:948	French Spaniel		14877	
NCBITaxon:9615	OMIA:641	Toy Spaniel		14872	
NCBITaxon:9615	OMIA:636	English Cocker Spaniel		14850	
NCBITaxon:9615	OMIA:764	American cocker spaniel		14848	
NCBITaxon:9615	OMIA:50	Cocker Spaniel		14846	
NCBITaxon:9615	OMIA:793	Clumber Spaniel		14845	
NCBITaxon:9615	OMIA:154	Cavalier King Charles Spaniel		14844	
NCBITaxon:9615	OMIA:464	Boykin Spaniel		14841	
NCBITaxon:9615	OMIA:186	Spaniel		14839	
NCBITaxon:9615	OMIA:812	Silken windhound		14835	
NCBITaxon:9615	OMIA:683	Shih-Tzu		14833	
NCBITaxon:9615	OMIA:810	McNab shepherd		14804	
NCBITaxon:9615	OMIA:11	German Shepherd Dog		14796	
NCBITaxon:9615	OMIA:452	Alsatian		14796	
NCBITaxon:9615	OMIA:69	German shepherd		14796	
NCBITaxon:9615	OMIA:1165	Dutch Shepherd dog		14793	
NCBITaxon:9615	OMIA:960	Central Asian Shepherd		14770	
NCBITaxon:9615	OMIA:559	Tervueron Shepherd		14765	
NCBITaxon:9615	OMIA:823	Malinois		14764	
NCBITaxon:9615	OMIA:560	Belgian Shepherd		14761	
NCBITaxon:9615	OMIA:843	Miniature Australian shepherd		14757	
NCBITaxon:9615	OMIA:640	Anatolian Shepherd		14755	
NCBITaxon:9615	OMIA:668	Shepherd		14752	
NCBITaxon:9615	OMIA:210	Shetland Sheepdog		14729	
NCBITaxon:9615	OMIA:1070	Polski Owczarek Podhalanski		14725	
NCBITaxon:9615	OMIA:487	Polish Owczarek Nizinny		14724	
NCBITaxon:9615	OMIA:173	Old English Sheepdog		14723	
NCBITaxon:9615	OMIA:308	Norwegian buhund		14722	
NCBITaxon:9615	OMIA:1031	New Zealand Huntaway dog		14721	
NCBITaxon:9615	OMIA:836	Schapendoes		14713	
NCBITaxon:9615	OMIA:486	Australian Sheepdog		14685	
NCBITaxon:9615	OMIA:312	Sheepdog		14683	
NCBITaxon:9615	OMIA:762	Irish Red and White Setter		14680	
NCBITaxon:9615	OMIA:242	Red Irish Setter		14679	
NCBITaxon:9615	OMIA:491	Gordon Setter		14678	
NCBITaxon:9615	OMIA:952	Gordon Setter		14678	
NCBITaxon:9615	OMIA:184	English Setter		14677	
NCBITaxon:9615	OMIA:900	Scottish Deerhound		14675	
NCBITaxon:9615	OMIA:1119	Standard Schnauzer		14673	
NCBITaxon:9615	OMIA:8	Miniature Schnauzer		14672	
NCBITaxon:9615	OMIA:371	Giant Schnauzer		14671	
NCBITaxon:9615	OMIA:325	Schipperke		14650	
NCBITaxon:9615	OMIA:89	Samoyed		14647	
NCBITaxon:9615	OMIA:697	Saluki		14646	
NCBITaxon:9615	OMIA:442	Rottweiler		14636	
NCBITaxon:9615	OMIA:157	Rhodesian Ridgeback		14634	
NCBITaxon:9615	OMIA:745	Ridgeback		14633	
NCBITaxon:9615	OMIA:799	Nova Scotia Duck Tolling retriever		14632	
NCBITaxon:9615	OMIA:387	Labrador		14631	
NCBITaxon:9615	OMIA:75	Labrador Retriever		14631	
NCBITaxon:9615	OMIA:235	Golden Retriever		14609	
NCBITaxon:9615	OMIA:930	Flat-coated retriever		14608	
NCBITaxon:9615	OMIA:779	Curly-coated retriever		14606	
NCBITaxon:9615	OMIA:537	Chesapeake Bay Retriever		14605	
NCBITaxon:9615	OMIA:804	Chesapeake Bay Retriever		14605	
NCBITaxon:9615	OMIA:388	Retriever		14604	
NCBITaxon:9615	OMIA:393	Pug		14599	
NCBITaxon:9615	OMIA:349	Toy Poodle		14595	
NCBITaxon:9615	OMIA:278	Standard Poodle		14594	
NCBITaxon:9615	OMIA:172	Miniature Poodle		14593	
NCBITaxon:9615	OMIA:196	Pomeranian		14591	
NCBITaxon:9615	OMIA:1025	Large Munster-lander		14563	
NCBITaxon:9615	OMIA:873	German Wirehaired Pointer		14558	
NCBITaxon:9615	OMIA:463	German Shorthaired Pointer		14557	
NCBITaxon:9615	OMIA:846	German pointer		14553	
NCBITaxon:9615	OMIA:199	English Pointer		14530	
NCBITaxon:9615	OMIA:1133	Braque du Bourbonnais		14529	
NCBITaxon:9615	OMIA:396	Pointer		14527	
NCBITaxon:9615	OMIA:619	German Pinscher		14524	
NCBITaxon:9615	OMIA:84	Doberman Pinscher		14523	
NCBITaxon:9615	OMIA:1017	PhalÃ¨ne		14516	
NCBITaxon:9615	OMIA:783	Peruvian Hairless Dog (Inca Hairless)		14514	
NCBITaxon:9615	OMIA:786	Pekingese		14511	
NCBITaxon:9615	OMIA:759	Papillon		14488	
NCBITaxon:9615	OMIA:575	Lundehund		14478	
NCBITaxon:9615	OMIA:725	Landseer Newfoundland		14477	
NCBITaxon:9615	OMIA:899	Landseer		14477	
NCBITaxon:9615	OMIA:1130	Pyrenean Mountain Dog		14448	
NCBITaxon:9615	OMIA:818	Great Pyrenees		14448	
NCBITaxon:9615	OMIA:879	Greater Swiss Mountain		14447	
NCBITaxon:9615	OMIA:104	Bernese Mountain dog		14443	
NCBITaxon:9615	OMIA:782	Mexican Hairless Dog (Xoloitzcuintli)		14434	
NCBITaxon:9615	OMIA:819	Italian Cane Corso		14403	
NCBITaxon:9615	OMIA:740	English Mastiff		14401	
NCBITaxon:9615	OMIA:781	Mastiff		14368	
NCBITaxon:9615	OMIA:483	Lhasa Apso		14363	
NCBITaxon:9615	OMIA:916	Leonberger		14361	
NCBITaxon:9615	OMIA:760	Finnish Lapphund		14359	
NCBITaxon:9615	OMIA:921	KromfohrlÃ_nder		14323	
NCBITaxon:9615	OMIA:880	Dutch Kooiker		14318	
NCBITaxon:9615	OMIA:1086	Komondor		14317	
NCBITaxon:9615	OMIA:345	Keeshond		14312	
NCBITaxon:9615	OMIA:599	Carelian Beardogs		14311	
NCBITaxon:9615	OMIA:832	Karelian bear dog		14311	
NCBITaxon:9615	OMIA:689	Shiba		14287	
NCBITaxon:9615	OMIA:902	Shiba-Inu		14287	
NCBITaxon:9615	OMIA:885	Japanese Chin dog		14286	
NCBITaxon:9615	OMIA:955	Italian Spinone		14284	
NCBITaxon:9615	OMIA:1104	Northern Inuit Dog		14283	
NCBITaxon:9615	OMIA:805	American Eskimo dog		14280	
NCBITaxon:9615	OMIA:801	Alaskan Husky		14272	
NCBITaxon:9615	OMIA:1157	Hungarian pumi		14247	
NCBITaxon:9615	OMIA:1158	Hungarian mudi		14246	
NCBITaxon:9615	OMIA:833	Kuvasz		14245	
NCBITaxon:9615	OMIA:1030	Plott Hound		14202	
NCBITaxon:9615	OMIA:703	Norwegian Dunkerhound		14200	
NCBITaxon:9615	OMIA:944	Italian hound		14196	
NCBITaxon:9615	OMIA:859	Finnish Hound		14163	
NCBITaxon:9615	OMIA:182	Basset Hound		14129	
NCBITaxon:9615	OMIA:213	Afghan Hound		14121	
NCBITaxon:9615	OMIA:798	Lancashire heeler		14118	
NCBITaxon:9615	OMIA:633	Hovawart		14088	
NCBITaxon:9615	OMIA:803	Wirehaired Griffon		14084	
NCBITaxon:9615	OMIA:1102	Petit Basset Griffon VendÃ©en		14075	
NCBITaxon:9615	OMIA:787	Grand Basset Griffon Vendeen		14074	
NCBITaxon:9615	OMIA:1084	Galgo EspaÃ±ol		14072	
NCBITaxon:9615	OMIA:1024	Italian Greyhound		14047	
NCBITaxon:9615	OMIA:1085	Magyar AgÃ¡r		14046	
NCBITaxon:9615	OMIA:198	Greyhound		14040	
NCBITaxon:9615	OMIA:339	Great Dane		14037	
NCBITaxon:9615	OMIA:945	American Foxhound		14007	
NCBITaxon:9615	OMIA:457	Foxhound		14006	
NCBITaxon:9615	OMIA:926	Eurasier		13997	
NCBITaxon:9615	OMIA:379	Norwegian Elkhound		13994	
NCBITaxon:9615	OMIA:350	Elkhound		13993	
NCBITaxon:9615	OMIA:1154	Danish-Swedish farmdog		13964	
NCBITaxon:9615	OMIA:179	Dalmatian		13962	
NCBITaxon:9615	OMIA:10	Wire-haired dachshund		13961	
NCBITaxon:9615	OMIA:842	Standard wire-haired dachshund		13961	
NCBITaxon:9615	OMIA:964	Miniature Wirehaired Dachshund		13957	
NCBITaxon:9615	OMIA:839	Miniature Long-haired Dachsund		13955	
NCBITaxon:9615	OMIA:150	Dachshund		13952	
NCBITaxon:9615	OMIA:1100	Alpine Dachsbracke		13928	
NCBITaxon:9615	OMIA:949	AlpenlÃ_ndische Dachsbracke		13928	
NCBITaxon:9615	OMIA:910	Catahoula leopard dogs		13919	
NCBITaxon:9615	OMIA:815	Mixed breed		13916	
NCBITaxon:9615	OMIA:821	Mixed breed		13916	
NCBITaxon:9615	OMIA:835	Mongrel		13916	
NCBITaxon:9615	OMIA:816	Coton de Tulear		13914	
NCBITaxon:9615	OMIA:274	Walker Hound		13913	
NCBITaxon:9615	OMIA:602	Bluetick Hound		13889	
NCBITaxon:9615	OMIA:1153	American English Coonhound		13887	
NCBITaxon:9615	OMIA:327	Border Collie		13883	
NCBITaxon:9615	OMIA:430	Bearded Collie		13882	
NCBITaxon:9615	OMIA:13	collie		13879	
NCBITaxon:9615	OMIA:80	Collie		13879	
NCBITaxon:9615	OMIA:809	Collie 		13879	
NCBITaxon:9615	OMIA:307	Chow Chow		13876	
NCBITaxon:9615	OMIA:573	Chow		13876	
NCBITaxon:9615	OMIA:381	Chinese Shar-Pei		13873	
NCBITaxon:9615	OMIA:957	Shar-Pei		13873	
NCBITaxon:9615	OMIA:305	Australian Cattle Dog		13833	
NCBITaxon:9615	OMIA:1091	French Bulldog		13768	
NCBITaxon:9615	OMIA:769	French bull dog		13768	
NCBITaxon:9615	OMIA:240	English Bulldog		13765	
NCBITaxon:9615	OMIA:806	American Bulldog		13761	
NCBITaxon:9615	OMIA:265	Bulldog		13759	
NCBITaxon:9615	OMIA:4	Briard		13756	
NCBITaxon:9615	OMIA:68	German Boxer		13727	
NCBITaxon:9615	OMIA:7	Boxer		13724	
NCBITaxon:9615	OMIA:758	Bichon Frise		13714	
NCBITaxon:9615	OMIA:85	Beagle		13683	
NCBITaxon:9615	OMIA:936	Basset Fauve de Bretagne		13682	
NCBITaxon:9615	OMIA:212	Basenji		13678	
NCBITaxon:9615	OMIA:1129	Australian Kelpie		13675	
NCBITaxon:9615	OMIA:170	Alaskan Malamute		13642	
NCBITaxon:9615	OMIA:550	Malamute		13642	
NCBITaxon:9615	OMIA:953	Alaskan Klee Kai		13641	
NCBITaxon:9615	OMIA:1090	American Akita		13639	
NCBITaxon:9615	OMIA:981	Akita		13638	
NCBITaxon:9615	OMIA:929	Boerboel		13635	
NCBITaxon:9685	OMIA:983	Somali		7355	
NCBITaxon:9615	OMIA:744	Bouvier		7351	
NCBITaxon:9615	OMIA:306	Chihuahua		7347	
NCBITaxon:9913	OMIA:100	Red Spotted Czech			
NCBITaxon:9615	OMIA:1001	Eskimo Spitz			
NCBITaxon:9031	OMIA:1002	Chinese Xingyi			
NCBITaxon:9031	OMIA:1003	Japanese game fowl			
NCBITaxon:9823	OMIA:1008	Bama miniature			
NCBITaxon:9913	OMIA:1009	Mongolian Turano			
NCBITaxon:9796	OMIA:1010	Camarillo White Horse			
NCBITaxon:9796	OMIA:1011	Japanese Draft			
NCBITaxon:9796	OMIA:1013	Noriker			
NCBITaxon:9796	OMIA:1014	Gipsy			
NCBITaxon:9796	OMIA:1015	South German Draft			
NCBITaxon:9986	OMIA:1020	Loh			
NCBITaxon:9913	OMIA:1022	Danish Holstein			
NCBITaxon:9615	OMIA:1029	Swedish Briard 			
NCBITaxon:9913	OMIA:1033	German Holstein			
NCBITaxon:9913	OMIA:1034	Swiss Holstein			
NCBITaxon:9913	OMIA:1035	Friesian-Jersey mosaic			
NCBITaxon:9913	OMIA:1036	American Brown Swiss			
NCBITaxon:9913	OMIA:1037	Beef Booster Composite			
NCBITaxon:9940	OMIA:1040	Norwegian breeds			
NCBITaxon:9796	OMIA:1048	Australian Spotted Pony			
NCBITaxon:9031	OMIA:1050	Wisconsin hypoalpha mutant (WHAM)			
NCBITaxon:9031	OMIA:1051	Connecticut (CT) strain			
NCBITaxon:9031	OMIA:1052	S2 line			
NCBITaxon:9031	OMIA:1053	Fayoumi eplipeptic strain			
NCBITaxon:9031	OMIA:1054	Huiyang Bearded			
NCBITaxon:9031	OMIA:1055	NH-413 strain			
NCBITaxon:9031	OMIA:1056	OPN strain			
NCBITaxon:9031	OMIA:1057	Polymorphic Nucleolar (PNU) strain			
NCBITaxon:9031	OMIA:1058	ISA Brown			
NCBITaxon:9031	OMIA:1059	Lohmann Brown			
NCBITaxon:9031	OMIA:1060	Marans			
NCBITaxon:9031	OMIA:1061	TETRA			
NCBITaxon:9031	OMIA:1063	Beijing You			
NCBITaxon:9913	OMIA:1065	Limonero			
NCBITaxon:9103	OMIA:1068	Commercial lines			
NCBITaxon:9615	OMIA:1069	Polski Owczarek Nizinny			
NCBITaxon:9823	OMIA:1071	FH-r strain			
NCBITaxon:9913	OMIA:1073	Rouge-des-PrÃ©s			
NCBITaxon:9615	OMIA:1075	Schnauzer-Beagle cross			
NCBITaxon:9793	OMIA:1076	Normand			
NCBITaxon:9793	OMIA:1077	miniature donkey			
NCBITaxon:9913	OMIA:1080	Italian Holstein			
NCBITaxon:9913	OMIA:1081	Italian Holstein			
NCBITaxon:9615	OMIA:1083	American Bully			
NCBITaxon:9796	OMIA:1088	American Bashkir Curly horse			
NCBITaxon:9913	OMIA:1094	Miniature Zebu			
NCBITaxon:9913	OMIA:1095	Scottish Highland			
NCBITaxon:9796	OMIA:1097	Spanish horse			
NCBITaxon:9796	OMIA:1098	Standardbred Ã— Tennessee Walking Horse cross			
NCBITaxon:9796	OMIA:1099	Purebred Spanish horse			
NCBITaxon:9940	OMIA:1106	VÃ_rmland			
NCBITaxon:9940	OMIA:1107	Helsinge			
NCBITaxon:9940	OMIA:1108	KlÃ¶vsjÃ¶			
NCBITaxon:9913	OMIA:1111	Tux-Zillertaler			
NCBITaxon:9913	OMIA:1113	British Gloucester			
NCBITaxon:9913	OMIA:1115	Eringer			
NCBITaxon:9913	OMIA:1117	French Holstein			
NCBITaxon:9940	OMIA:1118	Valais Red			
NCBITaxon:9940	OMIA:112	Dorset Horn			
NCBITaxon:9823	OMIA:1120	Cinta Senese			
NCBITaxon:9940	OMIA:1121	Mexican Pelibuey			
NCBITaxon:9796	OMIA:1122	Gypsy			
NCBITaxon:9940	OMIA:1123	Istrian Pramenka			
NCBITaxon:9031	OMIA:1124	Mie-Jidori			
NCBITaxon:9925	OMIA:1126	Norwegian Dairy Goat			
NCBITaxon:9823	OMIA:1127	Synthetic			
NCBITaxon:9615	OMIA:1131	Pit Bull Terrier			
NCBITaxon:9913	OMIA:1137	Yakutian			
NCBITaxon:9913	OMIA:1138	Gurtenvieh			
NCBITaxon:9925	OMIA:114	Sardinian			
NCBITaxon:8843	OMIA:1140	Gang			
NCBITaxon:9925	OMIA:1141	Pak angora			
NCBITaxon:9913	OMIA:1142	UckermÃ_rker			
NCBITaxon:9925	OMIA:1146	Girgentana			
NCBITaxon:9925	OMIA:1149	Chamois Colored			
NCBITaxon:9925	OMIA:1152	Bezoar			
NCBITaxon:9685	OMIA:1155	Ural Rex			
NCBITaxon:9685	OMIA:1159	Lykoi			
NCBITaxon:9031	OMIA:116	White Leghorn			
NCBITaxon:9823	OMIA:1161	Swiss Large White			
NCBITaxon:9940	OMIA:1163	Zwartbles			
NCBITaxon:9796	OMIA:1164	Berber			
NCBITaxon:9913	OMIA:1166	Belgian Blueâ€êHolstein cross			
NCBITaxon:9031	OMIA:1167	Yimeng			
NCBITaxon:9823	OMIA:1168	Yucatan miniature pig			
NCBITaxon:9031	OMIA:117	Black Minorca			
NCBITaxon:9940	OMIA:123	Tsigai			
NCBITaxon:9913	OMIA:129	Black Pied Danish			
NCBITaxon:9031	OMIA:130	Greenleg			
NCBITaxon:9913	OMIA:131	Swedish Red and White 			
NCBITaxon:9940	OMIA:138	Leicester			
NCBITaxon:9940	OMIA:139	Oxforddown			
NCBITaxon:9940	OMIA:141	Marsh			
NCBITaxon:9913	OMIA:142	Spotted Mountain			
NCBITaxon:9913	OMIA:143	Brown German			
NCBITaxon:9913	OMIA:144	Yellow Hill			
NCBITaxon:9913	OMIA:145	Pinzgau			
NCBITaxon:9823	OMIA:147	Wessex			
NCBITaxon:9913	OMIA:151	Banteng (Bali)			
NCBITaxon:9615	OMIA:153	Shortcoated Setter			
NCBITaxon:9913	OMIA:155	Belgian White and Blue Pied			
NCBITaxon:9615	OMIA:156	Alsation			
NCBITaxon:9913	OMIA:159	Manguni			
NCBITaxon:9913	OMIA:163	Podolian			
NCBITaxon:9913	OMIA:164	Apulian			
NCBITaxon:9913	OMIA:168	British White Park			
NCBITaxon:9913	OMIA:171	Grauvieh			
NCBITaxon:9913	OMIA:174	Alpine Grey			
NCBITaxon:9940	OMIA:180	Vendee			
NCBITaxon:9913	OMIA:188	Angoni			
NCBITaxon:9940	OMIA:194	South Hampshire			
NCBITaxon:9913	OMIA:197	Australian Illawarra Shorthorn			
NCBITaxon:9031	OMIA:200	Light Brown Leghorn			
NCBITaxon:9913	OMIA:202	Romagna			
NCBITaxon:9913	OMIA:203	Pied Hungarian			
NCBITaxon:9913	OMIA:206	Red			
NCBITaxon:9913	OMIA:207	Red and White			
NCBITaxon:9913	OMIA:208	Black Pied Swiss			
NCBITaxon:9913	OMIA:209	Franconian			
NCBITaxon:9940	OMIA:217	Saraja			
NCBITaxon:9940	OMIA:219	Kazakh Finewool			
NCBITaxon:9913	OMIA:221	Piedmont			
NCBITaxon:9940	OMIA:223	Fulani			
NCBITaxon:9940	OMIA:224	Maure			
NCBITaxon:9940	OMIA:225	Bororo			
NCBITaxon:9913	OMIA:229	Bavarian Allgau			
NCBITaxon:9925	OMIA:230	Murciana Granadina			
NCBITaxon:9913	OMIA:231	Black Pied Lowland			
NCBITaxon:9913	OMIA:232	Barotse			
NCBITaxon:9913	OMIA:233	Tonga			
NCBITaxon:9913	OMIA:234	Black Japanese			
NCBITaxon:9913	OMIA:236	Black and White Dutch			
NCBITaxon:9913	OMIA:237	Red and White Dutch			
NCBITaxon:9913	OMIA:238	German Brown			
NCBITaxon:9615	OMIA:239	Grey Collie			
NCBITaxon:9940	OMIA:241	Nilagiri			
NCBITaxon:9913	OMIA:243	Red Holstein			
NCBITaxon:9031	OMIA:245	Sebright			
NCBITaxon:9913	OMIA:246	Podolian Grey Steppe			
NCBITaxon:9940	OMIA:248	Wensleydown			
NCBITaxon:9913	OMIA:249	Avilena			
NCBITaxon:9940	OMIA:25	Tasmanian Merino			
NCBITaxon:9913	OMIA:250	Lowland Swedish			
NCBITaxon:9913	OMIA:252	Ala Tau			
NCBITaxon:9913	OMIA:254	Nile			
NCBITaxon:9913	OMIA:255	Polled Shorthorn?			
NCBITaxon:9913	OMIA:256	Pitangueiras			
NCBITaxon:9615	OMIA:258	Dalmatian Coach Hound			
NCBITaxon:9925	OMIA:261	Jamunapari			
NCBITaxon:9913	OMIA:264	Chillingham			
NCBITaxon:9615	OMIA:268	Doberman Pincher			
NCBITaxon:9031	OMIA:270	Moscow			
NCBITaxon:9031	OMIA:271	White Plymouth Rock			
NCBITaxon:9925	OMIA:273	Pashmina			
NCBITaxon:9940	OMIA:275	Galway			
NCBITaxon:9913	OMIA:283	Kumauni Hill			
NCBITaxon:9940	OMIA:285	Magra			
NCBITaxon:9940	OMIA:286	Flemisch			
NCBITaxon:9913	OMIA:287	Swedish Lowland			
NCBITaxon:9913	OMIA:288	Black and White German			
NCBITaxon:9913	OMIA:289	Red and White Westphalian			
NCBITaxon:9913	OMIA:290	Nganda			
NCBITaxon:9913	OMIA:291	Barrosa			
NCBITaxon:9940	OMIA:294	Romanovsky			
NCBITaxon:9103	OMIA:297	Broad Breasted White			
NCBITaxon:9913	OMIA:299	Bavarian Grey Iskur			
NCBITaxon:9615	OMIA:30	Maltese Terriers			
NCBITaxon:9913	OMIA:300	Fribourg			
NCBITaxon:9913	OMIA:301	Sindhi			
NCBITaxon:9913	OMIA:304	Murnau Werdenfelser			
NCBITaxon:9913	OMIA:309	Red Pied Aosta			
NCBITaxon:9913	OMIA:31	Japanese Black			
NCBITaxon:9031	OMIA:310	White Wyandotte			
NCBITaxon:9913	OMIA:314	Black Welsh			
NCBITaxon:9615	OMIA:316	Toy Griffon			
NCBITaxon:9913	OMIA:317	Black Pied German			
NCBITaxon:9823	OMIA:318	Jiaxing			
NCBITaxon:9823	OMIA:319	Laconie			
NCBITaxon:9940	OMIA:322	Grivette			
NCBITaxon:9940	OMIA:323	Solognot			
NCBITaxon:9615	OMIA:329	Saluke			
NCBITaxon:9913	OMIA:330	Japanese Brown			
NCBITaxon:9940	OMIA:331	Sokolka			
NCBITaxon:9913	OMIA:333	Red Bulgarian			
NCBITaxon:9823	OMIA:334	Minnesota			
NCBITaxon:9913	OMIA:335	Blue and White Belgian			
NCBITaxon:8932	OMIA:336	Racing Homer			
NCBITaxon:8932	OMIA:337	White Carneau			
NCBITaxon:9823	OMIA:34	German Pie			
NCBITaxon:9031	OMIA:341	Brown Leghorn			
NCBITaxon:9913	OMIA:342	Brown Italian			
NCBITaxon:9940	OMIA:343	Wallachian			
NCBITaxon:9940	OMIA:344	Cigaja			
NCBITaxon:9913	OMIA:346	West Highland			
NCBITaxon:9913	OMIA:347	Central Belgian			
NCBITaxon:9913	OMIA:348	Upper Belgian			
NCBITaxon:9940	OMIA:35	Finnish Landrace			
NCBITaxon:9940	OMIA:351	Najdi			
NCBITaxon:9940	OMIA:352	Hejazi			
NCBITaxon:9913	OMIA:353	White Fulani			
NCBITaxon:9031	OMIA:355	Black Castilian			
NCBITaxon:9031	OMIA:356	Barred Utreranian			
NCBITaxon:9940	OMIA:358	Hyfer			
NCBITaxon:9615	OMIA:360	Airedale			
NCBITaxon:9913	OMIA:364	Krankrej			
NCBITaxon:9913	OMIA:366	Red Japanese			
NCBITaxon:9913	OMIA:367	Normandy			
NCBITaxon:9940	OMIA:368	Crioula Lanada			
NCBITaxon:9940	OMIA:369	Crioula			
NCBITaxon:9940	OMIA:370	Lacha			
NCBITaxon:9940	OMIA:372	Drenthe			
NCBITaxon:9940	OMIA:375	Wuttemberg Merino			
NCBITaxon:9940	OMIA:376	Leine			
NCBITaxon:9615	OMIA:378	Doberman			
NCBITaxon:9615	OMIA:382	Dobermann			
NCBITaxon:9940	OMIA:385	Sur			
NCBITaxon:9615	OMIA:386	Red Setter			
NCBITaxon:9615	OMIA:389	Rough Collie			
NCBITaxon:9913	OMIA:39	Friesian			
NCBITaxon:9823	OMIA:390	Estonian Bacon			
NCBITaxon:9913	OMIA:391	Red Dane			
NCBITaxon:9823	OMIA:392	White Czecholslovakian			
NCBITaxon:9925	OMIA:394	Alpen			
NCBITaxon:9031	OMIA:399	White Rock			
NCBITaxon:9913	OMIA:403	Red Spotted Hungarian			
NCBITaxon:9913	OMIA:404	Red and White Norwegian			
NCBITaxon:9940	OMIA:406	Bighorn			
NCBITaxon:9823	OMIA:407	Camborough			
NCBITaxon:9615	OMIA:408	Pekinese			
NCBITaxon:9940	OMIA:41	Poll Dorset			
NCBITaxon:9940	OMIA:411	Polish Mountain			
NCBITaxon:9940	OMIA:412	Polish Zackel			
NCBITaxon:9940	OMIA:413	Kent			
NCBITaxon:9940	OMIA:414	Fryz			
NCBITaxon:9913	OMIA:415	Chiana			
NCBITaxon:9615	OMIA:42	Cairn terrier			
NCBITaxon:9913	OMIA:420	Teso			
NCBITaxon:9913	OMIA:422	Shorthorned Zebu			
NCBITaxon:9031	OMIA:423	Rhode Island			
NCBITaxon:9913	OMIA:426	Pisa			
NCBITaxon:9913	OMIA:434	Brown Russian			
NCBITaxon:9913	OMIA:438	Red Spotted			
NCBITaxon:9103	OMIA:440	Broad Breasted Bronze			
NCBITaxon:9031	OMIA:443	Fyoumi			
NCBITaxon:9913	OMIA:444	Marche			
NCBITaxon:9913	OMIA:445	Swedish Highland			
NCBITaxon:9913	OMIA:447	Swedish Mountain			
NCBITaxon:9913	OMIA:448	Red and white Swedish			
NCBITaxon:9031	OMIA:45	Golden Campine			
NCBITaxon:9823	OMIA:450	Essex			
NCBITaxon:8848	OMIA:458	White Chinese			
NCBITaxon:9615	OMIA:462	Bull Mastiff			
NCBITaxon:9913	OMIA:465	Brown Sofia			
NCBITaxon:9823	OMIA:467	Edelschwein			
NCBITaxon:9940	OMIA:469	North Caucasian			
NCBITaxon:9940	OMIA:470	German Long-wool			
NCBITaxon:9913	OMIA:471	Rubia Gallega			
NCBITaxon:9823	OMIA:473	Casco de Mula			
NCBITaxon:9913	OMIA:475	Angler			
NCBITaxon:9913	OMIA:476	Red and White German			
NCBITaxon:9031	OMIA:477	Barred Plymouth Rock			
NCBITaxon:9913	OMIA:479	East African Shorthorn Zebu			
NCBITaxon:9823	OMIA:480	Bohemian White			
NCBITaxon:9913	OMIA:481	East African Zebu			
NCBITaxon:9940	OMIA:482	Elliottdale			
NCBITaxon:9925	OMIA:484	Damascus			
NCBITaxon:9940	OMIA:485	Namaqua			
NCBITaxon:9913	OMIA:488	Red Brahman			
NCBITaxon:9913	OMIA:489	Indubrazil			
NCBITaxon:9940	OMIA:490	White Jaidara			
NCBITaxon:9913	OMIA:492	Brown Alpine			
NCBITaxon:9823	OMIA:493	Bohemian Large White			
NCBITaxon:9913	OMIA:495	Black and White Lowland			
NCBITaxon:9940	OMIA:496	Merino Fleisch Schafe			
NCBITaxon:9913	OMIA:498	Black and White Polish			
NCBITaxon:9823	OMIA:5	Canastrao			
NCBITaxon:10152	OMIA:500	Chinchilla			
NCBITaxon:9823	OMIA:501	Urshumskaya			
NCBITaxon:9823	OMIA:502	Schwerfurt			
NCBITaxon:9925	OMIA:504	Black Bengal			
NCBITaxon:9913	OMIA:505	Black and White			
NCBITaxon:9615	OMIA:506	Jack Russel Terrier			
NCBITaxon:9031	OMIA:507	Columbian Rock			
NCBITaxon:9940	OMIA:509	Gaddi			
NCBITaxon:9913	OMIA:510	Brown Swiss x Braunvieh			
NCBITaxon:9913	OMIA:511	Small African Zebu			
NCBITaxon:9913	OMIA:512	Borana			
NCBITaxon:9913	OMIA:513	Spotted Hungarian			
NCBITaxon:9031	OMIA:514	Black MInorca			
NCBITaxon:9615	OMIA:515	Mastin del Pirineo			
NCBITaxon:9940	OMIA:519	White Tzagai			
NCBITaxon:9940	OMIA:522	Wrzosowka			
NCBITaxon:9913	OMIA:523	Baoule			
NCBITaxon:9913	OMIA:524	Ganjam			
NCBITaxon:9913	OMIA:525	Hungarian Red Spotted			
NCBITaxon:9913	OMIA:526	Red Pied Lowland			
NCBITaxon:9913	OMIA:528	Red German			
NCBITaxon:9940	OMIA:530	Patanwadi			
NCBITaxon:9913	OMIA:532	Colombian			
NCBITaxon:9913	OMIA:533	Criolla			
NCBITaxon:9913	OMIA:534	Vacas de lidia			
NCBITaxon:9913	OMIA:536	Caracu			
NCBITaxon:9913	OMIA:538	Red Norwegian			
NCBITaxon:9031	OMIA:542	Light Sussex			
NCBITaxon:9031	OMIA:543	Single Comb White Leghorn			
NCBITaxon:8835	OMIA:544	White Pekin			
NCBITaxon:9031	OMIA:548	Black Leghorn			
NCBITaxon:9940	OMIA:549	Flemish Milksheep			
NCBITaxon:9913	OMIA:552	Red Belgian			
NCBITaxon:9823	OMIA:555	Gascon-Meishan			
NCBITaxon:9913	OMIA:556	Red Pied			
NCBITaxon:9913	OMIA:557	Shorthorn West African			
NCBITaxon:9940	OMIA:558	Sardinian Lowland			
NCBITaxon:9823	OMIA:562	Deutsches Edelschwein			
NCBITaxon:9913	OMIA:564	Groningen			
NCBITaxon:9031	OMIA:565	White Cornish			
NCBITaxon:9913	OMIA:567	Gyr			
NCBITaxon:9913	OMIA:570	Coloursided Tronder			
NCBITaxon:9913	OMIA:574	Brown Mountain			
NCBITaxon:9913	OMIA:579	Black and White Danish			
NCBITaxon:9913	OMIA:582	Tabapuan			
NCBITaxon:9031	OMIA:584	Polbar			
NCBITaxon:9031	OMIA:585	Polish Greenleg			
NCBITaxon:9823	OMIA:587	Desi			
NCBITaxon:9940	OMIA:588	Madras Red			
NCBITaxon:9925	OMIA:590	Creole			
NCBITaxon:9031	OMIA:591	White American			
NCBITaxon:9913	OMIA:592	Black and White Swiss			
NCBITaxon:9913	OMIA:593	Sofia Brown			
NCBITaxon:9913	OMIA:594	Montafon			
NCBITaxon:9913	OMIA:595	Brown Bavarian			
NCBITaxon:9913	OMIA:596	Tyrolean Grey			
NCBITaxon:9913	OMIA:597	Red Friesian			
NCBITaxon:9940	OMIA:6	Indonesian Thin Tail			
NCBITaxon:9913	OMIA:601	Fribourg Black Spotted			
NCBITaxon:9925	OMIA:603	White Polled Short Hair			
NCBITaxon:9913	OMIA:606	Girolanda			
NCBITaxon:9913	OMIA:608	German Simmental			
NCBITaxon:9913	OMIA:609	Red Bohemian			
NCBITaxon:9913	OMIA:610	Pied Bohemian			
NCBITaxon:9913	OMIA:611	Pied Slovak			
NCBITaxon:9986	OMIA:612	protein			
NCBITaxon:9823	OMIA:614	Hungarian White			
NCBITaxon:9913	OMIA:615	Block Spotted			
NCBITaxon:9940	OMIA:616	Spael			
NCBITaxon:9031	OMIA:62	Blue Andalusian			
NCBITaxon:9940	OMIA:620	Tzigaia			
NCBITaxon:9925	OMIA:621	Sirohi			
NCBITaxon:9615	OMIA:622	Miniature Toy Poodle			
NCBITaxon:9940	OMIA:623	Choka			
NCBITaxon:9940	OMIA:624	Nali			
NCBITaxon:9940	OMIA:625	Karakachan			
NCBITaxon:9940	OMIA:626	Wurttemberg Merino			
NCBITaxon:9940	OMIA:629	East Friesian			
NCBITaxon:9031	OMIA:63	Silver Spangled Hamburgh			
NCBITaxon:9940	OMIA:630	German Heath			
NCBITaxon:9940	OMIA:631	Rhon			
NCBITaxon:9940	OMIA:632	Bentheim			
NCBITaxon:9615	OMIA:635	Bull mastiff			
NCBITaxon:9913	OMIA:637	Black and White Belgian			
NCBITaxon:9925	OMIA:638	Dagestan White			
NCBITaxon:9940	OMIA:639	Comiaana			
NCBITaxon:9031	OMIA:64	Silver Sebright			
NCBITaxon:9823	OMIA:642	Beltsville			
NCBITaxon:9913	OMIA:643	Tharparkar			
NCBITaxon:9615	OMIA:646	Kelpie			
NCBITaxon:9913	OMIA:649	Red Spotted Simmental			
NCBITaxon:9913	OMIA:651	Pied			
NCBITaxon:9940	OMIA:652	Swedish Finewool Landrace			
NCBITaxon:9823	OMIA:653	Gascony			
NCBITaxon:9823	OMIA:654	Black Pied Basque			
NCBITaxon:9913	OMIA:656	Tate de Mouton			
NCBITaxon:9913	OMIA:658	Red Pied Swedish			
NCBITaxon:9913	OMIA:659	Shorthorn Friesian			
NCBITaxon:9913	OMIA:66	Zebu			
NCBITaxon:9940	OMIA:660	Est a Laine Merino			
NCBITaxon:9940	OMIA:661	Prealpes			
NCBITaxon:9940	OMIA:662	Communes des Alpes			
NCBITaxon:9940	OMIA:663	Ausimi			
NCBITaxon:9940	OMIA:664	Osimi			
NCBITaxon:9940	OMIA:665	Rahmani			
NCBITaxon:9913	OMIA:671	Wakwa			
NCBITaxon:9615	OMIA:672	West Highland Terrier			
NCBITaxon:9615	OMIA:673	Webster Terrier			
NCBITaxon:9925	OMIA:674	African Dwarf			
NCBITaxon:9925	OMIA:675	German Improved			
NCBITaxon:9913	OMIA:676	Kenana			
NCBITaxon:9913	OMIA:677	Butana			
NCBITaxon:9913	OMIA:678	Western (Sudanese)			
NCBITaxon:9913	OMIA:682	Black and White Polish Lowland			
NCBITaxon:9913	OMIA:684	Gold Coast Shorthorn			
NCBITaxon:9796	OMIA:685	Poznan			
NCBITaxon:9913	OMIA:690	White and Blue Belgian			
NCBITaxon:9685	OMIA:691	Red Abyssinian			
NCBITaxon:9685	OMIA:692	Red Point Siamese			
NCBITaxon:9913	OMIA:695	Sykia Chalkidiki			
NCBITaxon:9913	OMIA:696	Aosta			
NCBITaxon:9913	OMIA:698	Shuwa Arab			
NCBITaxon:9913	OMIA:699	Muturu West African			
NCBITaxon:37174	OMIA:70	Rocky Mountain			
NCBITaxon:9913	OMIA:700	Dwarf Shorthorn			
NCBITaxon:9031	OMIA:701	Erminette			
NCBITaxon:9913	OMIA:702	Red Pied Flemish			
NCBITaxon:9940	OMIA:704	Keezhakkaraisal			
NCBITaxon:9913	OMIA:705	Black Spotted Swiss			
NCBITaxon:9913	OMIA:707	Bunaji			
NCBITaxon:9823	OMIA:708	Toyen			
NCBITaxon:9823	OMIA:709	Middle Black Masked			
NCBITaxon:9913	OMIA:71	Red Polish			
NCBITaxon:9823	OMIA:710	Small Red			
NCBITaxon:9823	OMIA:711	Small Black			
NCBITaxon:9913	OMIA:712	Kalmyk			
NCBITaxon:9913	OMIA:714	Shuwa			
NCBITaxon:9913	OMIA:715	Kedah Kelantan			
NCBITaxon:9940	OMIA:718	Pomurslo			
NCBITaxon:9940	OMIA:719	Pramenka			
NCBITaxon:9913	OMIA:72	Red Danish			
NCBITaxon:9940	OMIA:720	Solcava			
NCBITaxon:9685	OMIA:721	Carthusian			
NCBITaxon:9103	OMIA:723	White Holland			
NCBITaxon:9940	OMIA:724	Hampshire Down			
NCBITaxon:9940	OMIA:728	Schwarzkoepfiges Fleischschaf			
NCBITaxon:9913	OMIA:73	Holstein Friesian			
NCBITaxon:9823	OMIA:732	Brindled Czech			
NCBITaxon:9823	OMIA:733	Large White Czech			
NCBITaxon:9940	OMIA:735	Tukidale			
NCBITaxon:9913	OMIA:736	Wurttemberg Brown			
NCBITaxon:9913	OMIA:737	Bukedi			
NCBITaxon:9913	OMIA:738	Shorthorn Zebu			
NCBITaxon:9913	OMIA:739	Yellow hill			
NCBITaxon:9615	OMIA:741	Welsh Wolfhound			
NCBITaxon:9615	OMIA:742	Toy Terrier			
NCBITaxon:9939	OMIA:750	Ovis aries			
NCBITaxon:9913	OMIA:751	cow			
NCBITaxon:9913	OMIA:752	cattle			
NCBITaxon:9913	OMIA:753	Piemontese			
NCBITaxon:9913	OMIA:755	Holstein-Friesian			
NCBITaxon:9913	OMIA:756	Indian Holstein			
NCBITaxon:9913	OMIA:757	Polish Holstein-Friesian cattle			
NCBITaxon:9615	OMIA:763	Navasota (mixed breed)			
NCBITaxon:9615	OMIA:768	French bull terrier			
NCBITaxon:9823	OMIA:789	Dahe			
NCBITaxon:9615	OMIA:792	Old Danish Pointing Dog			
NCBITaxon:9796	OMIA:796	Trait Breton			
NCBITaxon:9796	OMIA:797	Trait Comtois			
NCBITaxon:9940	OMIA:81	Sardi			
NCBITaxon:9940	OMIA:82	Beni Guil			
NCBITaxon:9940	OMIA:825	Embrapa			
NCBITaxon:8839	OMIA:827	Muscovy			
NCBITaxon:9940	OMIA:83	D'man			
NCBITaxon:9615	OMIA:830	Australian stumpy tail cattle dog			
NCBITaxon:9031	OMIA:837	Silky/Silkie			
NCBITaxon:9823	OMIA:840	Finnish Yorkshire			
NCBITaxon:9796	OMIA:847	American saddleback			
NCBITaxon:9940	OMIA:849	German Blackface			
NCBITaxon:9913	OMIA:850	German Fleckvieh			
NCBITaxon:9796	OMIA:854	Kentucky Mountain Saddle			
NCBITaxon:9796	OMIA:855	Franches-Montagnes			
NCBITaxon:9913	OMIA:857	Rotes HÃ¶henvieh			
NCBITaxon:9031	OMIA:860	Dongxiang			
NCBITaxon:9823	OMIA:861	Rongchang			
NCBITaxon:9031	OMIA:862	Ayam Cemani			
NCBITaxon:9031	OMIA:863	Black H'Mong			
NCBITaxon:9031	OMIA:864	SvarthÃ¶na (ohuslÃ_n-Dals SvarthÃ¶na)			
NCBITaxon:9685	OMIA:866	Japanese domestic			
NCBITaxon:9940	OMIA:869	Irish Cambridge			
NCBITaxon:9823	OMIA:874	Wessex Saddleback			
NCBITaxon:9823	OMIA:875	Bavarian Landschwein			
NCBITaxon:9031	OMIA:876	crested Polish			
NCBITaxon:9940	OMIA:877	Swiss Alpine			
NCBITaxon:9940	OMIA:878	Cameroon			
NCBITaxon:9913	OMIA:88	Black Pied			
NCBITaxon:9615	OMIA:881	Alaskan sled dog			
NCBITaxon:9940	OMIA:882	Olkuska			
NCBITaxon:9940	OMIA:889	Churra			
NCBITaxon:9940	OMIA:890	Swedish Landrace			
NCBITaxon:9940	OMIA:891	Borderdale			
NCBITaxon:9031	OMIA:895	Mapuche			
NCBITaxon:9031	OMIA:896	Lushi			
NCBITaxon:9031	OMIA:897	Cream Legbar			
NCBITaxon:9031	OMIA:9	Sebright Bantam			
NCBITaxon:9685	OMIA:90	Blue Point Siamese			
NCBITaxon:30521	OMIA:901	Datong			
NCBITaxon:9913	OMIA:905	Northern Finncattle			
NCBITaxon:9915	OMIA:909	Kankrej			
NCBITaxon:9913	OMIA:911	Nordic Red			
NCBITaxon:9940	OMIA:912	Cabugi			
NCBITaxon:9793	OMIA:913	Zamorano-LeonÃ©s			
NCBITaxon:9031	OMIA:914	Minohiki			
NCBITaxon:9913	OMIA:915	Nordic Holstein			
NCBITaxon:9913	OMIA:919	Carora			
NCBITaxon:8932	OMIA:922	Silky fantail			
NCBITaxon:9913	OMIA:923	Finnish Ayrshire			
NCBITaxon:9823	OMIA:928	Shaziling			
NCBITaxon:9823	OMIA:935	Liangshan			
NCBITaxon:9823	OMIA:94	White			
NCBITaxon:9913	OMIA:940	Swedish Red			
NCBITaxon:9913	OMIA:941	Miniature Highland			
NCBITaxon:9796	OMIA:942	Italian draft horse			
NCBITaxon:9793	OMIA:946	Poitou			
NCBITaxon:9796	OMIA:947	American Paint Horse			
NCBITaxon:9940	OMIA:958	Tunisian Barbarine			
NCBITaxon:9615	OMIA:961	Heideterrier			
NCBITaxon:9913	OMIA:962	Red Holstein Friesian			
NCBITaxon:9685	OMIA:966	Sphinx			
NCBITaxon:9796	OMIA:968	Menorca			
NCBITaxon:9031	OMIA:969	Anyi tile-like gray			
NCBITaxon:9031	OMIA:971	Beijing fatty			
NCBITaxon:9031	OMIA:972	Muchuan			
NCBITaxon:9913	OMIA:974	Numerous breeds			
NCBITaxon:30521	OMIA:975	Mongolian			
NCBITaxon:9796	OMIA:976	Curly			
NCBITaxon:9940	OMIA:977	White Dorper			
NCBITaxon:9615	OMIA:978	Australian Working Kelpie			
NCBITaxon:9796	OMIA:979	Italian Trotter			
NCBITaxon:9913	OMIA:98	N'Dama			
NCBITaxon:9913	OMIA:985	Gasconne			
NCBITaxon:9913	OMIA:986	Parthenaise			
NCBITaxon:9091	OMIA:989	Quv (quiver) strain			
NCBITaxon:9940	OMIA:991	Norwegian White			
NCBITaxon:9031	OMIA:992	UC Davis lines			
NCBITaxon:9031	OMIA:993	"Storrs, Connecticut (low line)"			
NCBITaxon:9031	OMIA:994	Israeli experimental line			
NCBITaxon:10042	OMIA:995	New Hampshire			
NCBITaxon:10042	OMIA:996	Alaska			
NCBITaxon:89462	OMIA:997	Swamp			
NCBITaxon:9615	OMIA:999	American hairless			
NCBITaxon:9913	OMIA:177	Afrikaner	LBO:0000005		
NCBITaxon:9913	OMIA:27	Afikander	LBO:0000005		
NCBITaxon:9913	OMIA:79	Afrikander	LBO:0000005		
NCBITaxon:9913	OMIA:527	Angeln	LBO:0000016		
NCBITaxon:9913	OMIA:44	Angus	LBO:0000017		
NCBITaxon:9913	OMIA:421	Ankole	LBO:0000018		
NCBITaxon:9913	OMIA:648	Criollo	LBO:0000020		
NCBITaxon:9913	OMIA:472	Asturiana	LBO:0000022		
NCBITaxon:9913	OMIA:361	Australian Friesian Sahiwal	LBO:0000026		
NCBITaxon:9913	OMIA:400	Australian Milking Zebu	LBO:0000028		
NCBITaxon:9913	OMIA:105	Ayrshire	LBO:0000029		
NCBITaxon:9913	OMIA:474	Baladi	LBO:0000032		
NCBITaxon:9913	OMIA:49	Belgian Blue	LBO:0000042		
NCBITaxon:9913	OMIA:103	Belmont Red	LBO:0000045		
NCBITaxon:9913	OMIA:853	Belted Galloway	LBO:0000046		
NCBITaxon:9913	OMIA:1114	Spanish Berrenda en negro	LBO:0000048		
NCBITaxon:9913	OMIA:571	Blacksided Trondheims	LBO:0000050		
NCBITaxon:9913	OMIA:97	Blonde d'Aquitaine	LBO:0000053		
NCBITaxon:9913	OMIA:119	Bonsmara	LBO:0000054		
NCBITaxon:9913	OMIA:99	Boran	LBO:0000055		
NCBITaxon:9913	OMIA:169	Braford	LBO:0000057		
NCBITaxon:9913	OMIA:24	Brahman	LBO:0000058		
NCBITaxon:9913	OMIA:449	Brangus	LBO:0000060		
NCBITaxon:9913	OMIA:59	Braunvieh	LBO:0000061		
NCBITaxon:9913	OMIA:128	White British	LBO:0000062		
NCBITaxon:9913	OMIA:106	Brown Swiss	LBO:0000063		
NCBITaxon:9913	OMIA:717	Busa	LBO:0000064		
NCBITaxon:9913	OMIA:508	Canchim	LBO:0000068		
NCBITaxon:9913	OMIA:19	Charolais	LBO:0000073		
NCBITaxon:9913	OMIA:211	Chianina	LBO:0000074		
NCBITaxon:9913	OMIA:365	Dangi	LBO:0000083		
NCBITaxon:9913	OMIA:185	Devon	LBO:0000087		
NCBITaxon:9913	OMIA:36	Dexter	LBO:0000088		
NCBITaxon:9913	OMIA:644	Droughtmaster	LBO:0000091		
NCBITaxon:9913	OMIA:600	Dutch Belted	LBO:0000093		
NCBITaxon:9913	OMIA:535	Longhorn	LBO:0000097		
NCBITaxon:9913	OMIA:1116	EvolÃ¨ner	LBO:0000099		
NCBITaxon:9913	OMIA:18	Galloway	LBO:0000106		
NCBITaxon:9913	OMIA:61	Gelbvieh	LBO:0000110		
NCBITaxon:9913	OMIA:1087	German Angus	LBO:0000111		
NCBITaxon:9913	OMIA:65	Gir	LBO:0000113		
NCBITaxon:9913	OMIA:670	Gudali	LBO:0000120		
NCBITaxon:9913	OMIA:87	Guernsey	LBO:0000121		
NCBITaxon:9913	OMIA:441	Guzera	LBO:0000122		
NCBITaxon:9913	OMIA:581	Guzerat	LBO:0000122		
NCBITaxon:9913	OMIA:166	Hariana	LBO:0000124		
NCBITaxon:9913	OMIA:17	Hereford	LBO:0000127		
NCBITaxon:9913	OMIA:1000	Highland	LBO:0000129		
NCBITaxon:9913	OMIA:205	Hinterwalder	LBO:0000130		
NCBITaxon:9913	OMIA:86	Holstein	LBO:0000132		
NCBITaxon:9913	OMIA:521	Grey Hungarian	LBO:0000134		
NCBITaxon:9913	OMIA:46	Jersey	LBO:0000146		
NCBITaxon:9913	OMIA:101	Kerry	LBO:0000153		
NCBITaxon:9913	OMIA:363	Khillar	LBO:0000155		
NCBITaxon:9913	OMIA:734	Kholmogor	LBO:0000156		
NCBITaxon:9913	OMIA:645	Brown Latvian	LBO:0000161		
NCBITaxon:9913	OMIA:58	Limousin	LBO:0000162		
NCBITaxon:9913	OMIA:96	Maine Anjou	LBO:0000170		
NCBITaxon:9913	OMIA:362	Malvi	LBO:0000171		
NCBITaxon:9913	OMIA:580	Marchigiana	LBO:0000173		
NCBITaxon:9913	OMIA:529	Maremma	LBO:0000174		
NCBITaxon:9913	OMIA:160	Mashona	LBO:0000176		
NCBITaxon:9913	OMIA:122	Meuse Rhine Yssel	LBO:0000179		
NCBITaxon:9913	OMIA:107	Dairy Shorthorn	LBO:0000182		
NCBITaxon:9913	OMIA:419	Modica	LBO:0000184		
NCBITaxon:9913	OMIA:162	Montbeliarde	LBO:0000186		
NCBITaxon:9913	OMIA:315	Murboden	LBO:0000188		
NCBITaxon:9913	OMIA:326	Murray Grey	LBO:0000189		
NCBITaxon:9913	OMIA:713	Muturu	LBO:0000190		
NCBITaxon:9913	OMIA:269	N'dama	LBO:0000193		
NCBITaxon:9913	OMIA:121	Nguni	LBO:0000195		
NCBITaxon:9913	OMIA:618	Normande	LBO:0000197		
NCBITaxon:9913	OMIA:541	Polish Red	LBO:0000205		
NCBITaxon:9913	OMIA:95	Polled Hereford	LBO:0000206		
NCBITaxon:9913	OMIA:48	Piedmontese	LBO:0000208		
NCBITaxon:9913	OMIA:60	Pinzgauer	LBO:0000209		
NCBITaxon:9913	OMIA:551	Rathi	LBO:0000213		
NCBITaxon:9913	OMIA:176	Red Angus	LBO:0000214		
NCBITaxon:9913	OMIA:57	Red Poll	LBO:0000218		
NCBITaxon:9913	OMIA:586	Red Sindhi	LBO:0000220		
NCBITaxon:9913	OMIA:437	Romagnola	LBO:0000225		
NCBITaxon:9913	OMIA:920	Romosinuano	LBO:0000226		
NCBITaxon:9913	OMIA:302	Sahiwal	LBO:0000229		
NCBITaxon:9913	OMIA:257	Salers	LBO:0000230		
NCBITaxon:9913	OMIA:120	Santa Gertrudis	LBO:0000234		
NCBITaxon:9913	OMIA:92	Senepol	LBO:0000237		
NCBITaxon:9913	OMIA:76	Shorthorn	LBO:0000240		
NCBITaxon:9913	OMIA:3	Simmental	LBO:0000243		
NCBITaxon:9913	OMIA:1112	Slovenian Cika	LBO:0000245		
NCBITaxon:9913	OMIA:118	South Devon	LBO:0000246		
NCBITaxon:9913	OMIA:263	Tarentaise	LBO:0000251		
NCBITaxon:9913	OMIA:405	Telemark	LBO:0000252		
NCBITaxon:9913	OMIA:158	Tuli	LBO:0000257		
NCBITaxon:9913	OMIA:746	Grey Steppe	LBO:0000258		
NCBITaxon:9913	OMIA:33	Waygu	LBO:0000267		
NCBITaxon:9031	OMIA:340	Ancona	LBO:0000273		
NCBITaxon:9031	OMIA:1066	Appenzeller Barthuhn	LBO:0000275		
NCBITaxon:9031	OMIA:828	Araucana	LBO:0000277		
NCBITaxon:9031	OMIA:383	Australorp	LBO:0000279		
NCBITaxon:9031	OMIA:272	Cornish	LBO:0000290		
NCBITaxon:9031	OMIA:898	Crevecoeur	LBO:0000291		
NCBITaxon:9031	OMIA:417	Jersey Giant	LBO:0000307		
NCBITaxon:9913	OMIA:1139	Lakenvelder	LBO:0000312		
NCBITaxon:9031	OMIA:279	Leghorn	LBO:0000315		
NCBITaxon:9031	OMIA:1062	Transylvanian naked neck	LBO:0000320		
NCBITaxon:9031	OMIA:332	New Hampshire	LBO:0000321		
NCBITaxon:9031	OMIA:1093	Orpington	LBO:0000323		
NCBITaxon:9031	OMIA:667	Plymouth Rock	LBO:0000324		
NCBITaxon:9031	OMIA:280	Rhode Island Red	LBO:0000327		
NCBITaxon:9031	OMIA:647	Sussex	LBO:0000333		
NCBITaxon:9031	OMIA:1092	Wyandotte	LBO:0000336		
NCBITaxon:9823	OMIA:115	Yorkshire	LBO:0000338		
NCBITaxon:9823	OMIA:435	Great Yorkshire	LBO:0000338		
NCBITaxon:9823	OMIA:439	Angeln Saddleback	LBO:0000339		
NCBITaxon:9823	OMIA:398	Berkshire	LBO:0000348		
NCBITaxon:9823	OMIA:583	Bulgarian Improved White	LBO:0000352		
NCBITaxon:9823	OMIA:321	Chester White	LBO:0000354		
NCBITaxon:9823	OMIA:93	Duroc	LBO:0000358		
NCBITaxon:9823	OMIA:428	Fengjing	LBO:0000360		
NCBITaxon:9823	OMIA:466	French Landrace	LBO:0000361		
NCBITaxon:9823	OMIA:790	Kele	LBO:0000372		
NCBITaxon:9823	OMIA:152	Lacombe	LBO:0000375		
NCBITaxon:9823	OMIA:568	Large Black	LBO:0000376		
NCBITaxon:9823	OMIA:51	Large White	LBO:0000378		
NCBITaxon:9823	OMIA:1169	Mangalitza	LBO:0000380		
NCBITaxon:9823	OMIA:52	Meishan	LBO:0000381		
NCBITaxon:9823	OMIA:730	Middle Yorkshire	LBO:0000382		
NCBITaxon:9823	OMIA:429	Minzhu	LBO:0000383		
NCBITaxon:9823	OMIA:108	Pietrain	LBO:0000395		
NCBITaxon:9823	OMIA:613	Poland China	LBO:0000395		
NCBITaxon:9823	OMIA:451	Saddleback	LBO:0000398		
NCBITaxon:9823	OMIA:266	Tamworth	LBO:0000402		
NCBITaxon:9823	OMIA:791	Chinese-Tibetan	LBO:0000404		
NCBITaxon:9823	OMIA:146	Welsh	LBO:0000407		
NCBITaxon:9940	OMIA:216	Alai Fat Rumped	LBO:0000414		
NCBITaxon:9940	OMIA:1128	Altay	LBO:0000419		
NCBITaxon:9940	OMIA:67	Merino d'Arles	LBO:0000425		
NCBITaxon:9940	OMIA:43	Awassi	LBO:0000428		
NCBITaxon:9940	OMIA:127	Barbados	LBO:0000433		
NCBITaxon:9940	OMIA:295	Blue Faced Maine	LBO:0000442		
NCBITaxon:9940	OMIA:432	Blue Faced Leicester	LBO:0000443		
NCBITaxon:9940	OMIA:1038	Booroola	LBO:0000445		
NCBITaxon:9940	OMIA:359	Border Leicester	LBO:0000446		
NCBITaxon:9940	OMIA:226	Brazilian Somali	LBO:0000450		
NCBITaxon:9940	OMIA:191	Cheviot	LBO:0000461		
NCBITaxon:9940	OMIA:499	Clun Forest	LBO:0000464		
NCBITaxon:9940	OMIA:354	Columbia	LBO:0000466		
NCBITaxon:9940	OMIA:148	Coopworth	LBO:0000469		
NCBITaxon:9940	OMIA:53	Corriedale	LBO:0000471		
NCBITaxon:9940	OMIA:681	Cotswold	LBO:0000472		
NCBITaxon:9940	OMIA:189	Dala	LBO:0000474		
NCBITaxon:9940	OMIA:938	Damara	LBO:0000478		
NCBITaxon:9823	OMIA:1145	Danish Landrace	LBO:0000479		
NCBITaxon:9940	OMIA:56	Dorset	LBO:0000488		
NCBITaxon:9940	OMIA:694	Dorset Down	LBO:0000489		
NCBITaxon:9940	OMIA:111	Finnsheep	LBO:0000495		
NCBITaxon:9940	OMIA:627	German Blackheaded Mutton	LBO:0000501		
NCBITaxon:9940	OMIA:628	German Whiteheaded Mutton	LBO:0000504		
NCBITaxon:9940	OMIA:247	Gotland	LBO:0000507		
NCBITaxon:9940	OMIA:566	Gromark	LBO:0000509		
NCBITaxon:9940	OMIA:1105	Gute	LBO:0000511		
NCBITaxon:9940	OMIA:175	Hampshire	LBO:0000512		
NCBITaxon:9940	OMIA:260	Ile de France	LBO:0000524		
NCBITaxon:9940	OMIA:867	Jacob	LBO:0000526		
NCBITaxon:9940	OMIA:102	Karakul	LBO:0000531		
NCBITaxon:9940	OMIA:183	Langhe	LBO:0000538		
NCBITaxon:9940	OMIA:192	Lincoln	LBO:0000542		
NCBITaxon:9940	OMIA:1109	Massese	LBO:0000553		
NCBITaxon:9940	OMIA:374	Merinolandschaf	LBO:0000557		
NCBITaxon:9940	OMIA:545	Montadale	LBO:0000559		
NCBITaxon:9940	OMIA:227	Morada Nova	LBO:0000560		
NCBITaxon:9940	OMIA:939	Navajo-Churro	LBO:0000562		
NCBITaxon:9940	OMIA:425	Nellore	LBO:0000563		
NCBITaxon:9940	OMIA:259	Oxford	LBO:0000571		
NCBITaxon:9940	OMIA:165	Perendale	LBO:0000575		
NCBITaxon:9940	OMIA:54	Polwarth	LBO:0000579		
NCBITaxon:9940	OMIA:418	Polypay	LBO:0000580		
NCBITaxon:9940	OMIA:547	Priangan	LBO:0000583		
NCBITaxon:9940	OMIA:666	Racka	LBO:0000590		
NCBITaxon:9940	OMIA:26	Rambouillet	LBO:0000591		
NCBITaxon:9939	OMIA:748	Rambouillet	LBO:0000591		
NCBITaxon:9939	OMIA:749	 Rambouillet	LBO:0000591		
NCBITaxon:9940	OMIA:883	Rasa Aragonesa	LBO:0000592		
NCBITaxon:9940	OMIA:727	Rhoenschaf	LBO:0000595		
NCBITaxon:9940	OMIA:47	Romanov	LBO:0000597		
NCBITaxon:9940	OMIA:55	Romney Marsh	LBO:0000598		
NCBITaxon:9940	OMIA:680	Romney Marsh (Kent)	LBO:0000598		
NCBITaxon:9940	OMIA:190	Rygja	LBO:0000605		
NCBITaxon:9940	OMIA:1039	Brazilian Santa InÃªs	LBO:0000609		
NCBITaxon:9940	OMIA:228	Santa Ines	LBO:0000609		
NCBITaxon:9940	OMIA:531	Scottish Blackface	LBO:0000612		
NCBITaxon:9940	OMIA:140	Shropshire	LBO:0000614		
NCBITaxon:9940	OMIA:729	Skudde	LBO:0000616		
NCBITaxon:9940	OMIA:743	Soay	LBO:0000617		
NCBITaxon:9940	OMIA:222	Southdown	LBO:0000624		
NCBITaxon:9940	OMIA:126	St Croix	LBO:0000628		
NCBITaxon:9940	OMIA:124	Suffolk	LBO:0000632		
NCBITaxon:9940	OMIA:433	Swaledale	LBO:0000634		
NCBITaxon:9940	OMIA:125	Targhee	LBO:0000638		
NCBITaxon:9940	OMIA:137	Texel	LBO:0000640		
NCBITaxon:9940	OMIA:324	Vendeen	LBO:0000654		
NCBITaxon:9940	OMIA:459	Mouton Vendeen	LBO:0000654		
NCBITaxon:9940	OMIA:193	Welsh Mountain	LBO:0000660		
NCBITaxon:9940	OMIA:497	White Karaman	LBO:0000665		
NCBITaxon:9823	OMIA:984	Chinese Erhualian	LBO:0000691		
NCBITaxon:9823	OMIA:74	Landrace	LBO:0000692		
NCBITaxon:9940	OMIA:410	Altamurana	LBO:0000693		
NCBITaxon:9796	OMIA:1041	Bashkir Curly Horse	LBO:0000739		
NCBITaxon:9796	OMIA:15	Belgian	LBO:0000741		
NCBITaxon:9796	OMIA:655	Colorado Ranger	LBO:0000761		
NCBITaxon:9940	OMIA:478	Marwari	LBO:0000833		
NCBITaxon:9796	OMIA:1078	Miniature	LBO:0000837		
NCBITaxon:9796	OMIA:1089	Missouri Foxtrotter	LBO:0000839		
NCBITaxon:9796	OMIA:1049	Peruvian Paso	LBO:0000866		
NCBITaxon:9796	OMIA:1046	Pony of the Americas	LBO:0000872		
NCBITaxon:9796	OMIA:1007	Old-Tori	LBO:0000912		
NCBITaxon:9913	OMIA:934	Pezzata Rossa	LBO:0000934		
NCBITaxon:9913	OMIA:167	Fleckvieh	LBO:0000941		
NCBITaxon:9940	OMIA:884	Belclare	LBO:0000951		
NCBITaxon:9925	OMIA:78	Alpine	LBO:0000955		
NCBITaxon:9925	OMIA:1	Nubian	LBO:0000958		
NCBITaxon:9925	OMIA:431	Anglo Nubian	LBO:0000958		
NCBITaxon:9925	OMIA:1147	Appenzell	LBO:0000960		
NCBITaxon:9925	OMIA:262	Barbari	LBO:0000964		
NCBITaxon:9925	OMIA:503	Beetal	LBO:0000965		
NCBITaxon:9925	OMIA:561	Boer	LBO:0000969		
NCBITaxon:9925	OMIA:1150	St. Gallen Booted	LBO:0000970		
NCBITaxon:9925	OMIA:1134	Dera Din Panah	LBO:0000976		
NCBITaxon:9925	OMIA:988	Dutch Landrace	LBO:0000980		
NCBITaxon:9925	OMIA:1148	Grisons Striped	LBO:0000984		
NCBITaxon:9925	OMIA:1136	Kamori	LBO:0000997		
NCBITaxon:9925	OMIA:1135	Nachi	LBO:0001005		
NCBITaxon:9925	OMIA:1151	Peacock	LBO:0001009		
NCBITaxon:9925	OMIA:716	Sahelian	LBO:0001017		
NCBITaxon:9925	OMIA:77	Saanen	LBO:0001017		
NCBITaxon:9925	OMIA:284	Toggenburg	LBO:0001026		
NCBITaxon:9925	OMIA:924	Valais Blacknecked Goat	LBO:0001027		
NCBITaxon:89462	OMIA:856	Murrah	LBO:0001049		
NCBITaxon:9031	OMIA:679	White leghorn	LBO:0001061		
NCBITaxon:9940	OMIA:338	Assaf	LBO:0001062		
NCBITaxon:9913	OMIA:204	Vorderwald	LBO:0001063		
NCBITaxon:9940	OMIA:40	Merino	LBO:0001067		
NCBITaxon:9940	OMIA:277	Blackhead Persian	LBO:0001069		
NCBITaxon:9940	OMIA:904	Lacaune	LBO:0001072		
NCBITaxon:9940	OMIA:990	Valle del Belice	LBO:0001075		
NCBITaxon:9913	OMIA:253	Whiteheaded Kazakh	LBO:0001078		
NCBITaxon:9913	OMIA:218	Schwarzbunt	LBO:0001079		
NCBITaxon:9940	OMIA:281	Muzaffarnagari	LBO:0001085		
NCBITaxon:9940	OMIA:967	Romane	LBO:0001090		